pca_neuron_1,pca_neuron_2,pca_neuron_3,pca_neuron_4,pca_neuron_5,pca_neuron_6,pca_neuron_7,pca_neuron_8,attack_cat
0.8844781139795876,0.1678803533175601,0.4926899455024104,0.6528972317201284,0.384715410651037,0.0,0.6667800255079201,0.4974724039603851,4
0.1970825181736748,0.2342272571907823,0.7798684757543912,0.3891317765343101,0.6091253245937832,0.05941587421752503,0.587752046400603,0.6023288021822912,7
0.8423994978103052,0.3109013344106177,0.11131367909423587,0.4598940767682332,0.2302924798108083,0.35877748329309156,0.37570763272707874,0.40193134918574197,4
0.02586461397010026,0.1737836426859357,0.32829551786306016,0.6705047455379998,0.4947701364826667,0.6147559540336056,0.4466821804329686,0.5926232978632822,2
0.7204077840618515,0.3724649275907125,0.9521703505272165,0.7391560708183156,0.390083326322773,0.4626994104590127,0.044155419204876534,0.10218812038724034,7
0.07232404677323301,0.14054602906340397,0.3806361459542414,0.44629631552344606,0.4082134771153037,0.5887482456268127,0.4487283659089597,0.3120550045980712,9
0.04928860365558757,0.12738660988976244,0.2989303384260597,0.5020368241394155,0.405203508365812,0.23880776127925635,0.4393874568172904,0.4445424683899612,0
0.04317236940564445,0.15672826412350616,0.2857164139700215,0.49107282030222604,0.4408259520628332,0.21040157239618112,0.43409171761574705,0.3100240735207172,0
0.7984645706590296,0.14242627074968373,0.5874773998001909,0.5936288621366103,0.5846829902439048,0.07351721184857757,0.22534400863631227,0.7066483958714818,4
0.030096439634683836,0.20410006558035373,0.32358947599375304,0.6190220474920658,0.5342708425071505,0.5669182297910413,0.4464292302690437,0.34169672869484646,2
0.7590829828864238,0.3160636046885841,0.10215606863807325,0.3639010261575144,0.19761226091451978,0.4173422351272428,0.5635194073408389,0.6118667492630915,8
0.9315810471128368,0.3123251421305644,0.15199798058899322,0.40855711358908114,0.40031901636455103,0.31671462277073154,0.3314550933200136,0.22589289723218695,10
0.061441785020435125,0.12745584614914807,0.3103575741649182,0.4432393400953355,0.3929457232176545,0.22802843337066703,0.44049640752470504,0.3284393067849877,8
0.8703409116886361,0.3753660262395012,0.5170292407031705,0.4370387384485695,0.2608327774263299,0.22146278844578438,0.02519421154811241,0.6096271814314739,4
0.1046071167690073,0.631357399964499,0.17050707307986007,0.4729706430115872,0.6978426619732688,0.3087433389378623,0.43774128933737,0.4179120919266641,6
0.7619468331312325,0.0081107329900173,0.09703619511402695,0.7128700176564582,0.5440412475776497,0.22040826578773567,0.5017929811251209,0.3627295413151439,8
0.04450841696379926,0.14939654812983455,0.28973673110116616,0.4829912792011119,0.4337474381194037,0.21402143727936312,0.434364358000903,0.3082045827879488,0
0.703612745804753,0.4293933045843408,0.8128917568526001,0.7131068621973222,0.42729963090937284,0.47659126749963315,0.09056092988123271,0.19682831809387322,7
0.03179751177350282,0.18398558757291933,0.3295885192489527,0.6302650732012143,0.507857322462652,0.5786124712975413,0.4488093107251399,0.4485884156719431,2
0.05007106627779129,0.12291378103286549,0.3042484006137133,0.44889104783784595,0.4067265389916607,0.21940805044600037,0.43329559686211316,0.30073612572102204,5
0.7148504268388272,0.05394826586174145,0.1845381265946529,0.5571667358400743,0.7046109921276593,0.2424540940376444,0.4147624673500765,0.4477546095494993,8
0.03404676400253531,0.7113694638834792,0.06615624345545484,0.7993030406382031,0.5391310804436844,0.27426349724204546,0.44182715120604193,0.38594649020846505,6
0.05489735301126086,0.13656175051378658,0.3009025014555671,0.47240691956689274,0.4175283854317395,0.21635087608698622,0.44164853903341994,0.33195356683674115,4
0.8831297375553059,0.3800599277343639,0.4946769140217987,0.4193107808037381,0.3105641616119701,0.22549751132597595,0.40994464720565155,0.5838493730850565,4
0.04269177469068497,0.10881151843806103,0.2992302144590279,0.5355999374740327,0.38193222837449103,0.2721110401856871,0.4358051819822124,0.599893434200728,5
0.04759279743214778,0.14901197545696687,0.2910577550197315,0.48409337957290444,0.43120568803346954,0.21517399879237037,0.43700140416997935,0.3193754297942574,0
0.8775840893047103,0.17459416896051166,0.6215889240347668,0.6506525950416144,0.5294800293035559,0.04957175908854056,0.6568456072968651,0.3549658579679026,3
0.8748060171415153,0.19736256407013245,0.4985207661683198,0.6867856062163116,0.4421557815843443,0.058818630381428094,0.3961395680160085,0.43664315419312044,4
0.7682146143225284,0.3264294981430047,0.1374479273943864,0.35080250561738846,0.24957001464873899,0.40621612185535383,0.49978689394714665,0.5476333001840681,4
0.966678079495128,0.4604673962561049,0.4541976041687191,0.47119431178394805,0.5816457159032977,0.15830300705889352,0.6085331287486299,0.43522999560828335,0
0.013509648243626327,0.08160962438538927,0.2976140687558361,0.5274690240312843,0.39154822594853106,0.5634268058252918,0.4557701837570029,0.5299397993392234,2
0.8594809778337684,0.33221938846357657,0.16292700548410574,0.32617435724360466,0.3792925863873966,0.3657203373670015,0.11229250360922022,0.4746813472073791,10
0.04750500873414981,0.15219490279876585,0.3577266971048698,0.5509063045760274,0.4825852379188173,0.5714705626019181,0.450981240478132,0.32277677929785475,2
0.8884991673741619,0.36596868182401815,0.6579031524675412,0.5098221654784445,0.3456835956474891,0.5420130863703116,0.14813702720382727,0.5114884439884883,4
0.786012724166913,0.015015611037979743,0.1721606811006172,0.7310455120634773,0.6016847205581732,0.1785793951721278,0.4264574617593239,0.17192542301728825,8
0.11593677156533089,0.17118977493272403,0.35152550018087286,0.1944685039004162,0.7413128175480574,0.23860869771899798,0.43410373508020544,0.40396335324727256,8
0.778996087217402,0.04317227595479747,0.13784198402053177,0.5818397036770447,0.702426046511996,0.2107674903497787,0.7562625917588582,0.2990075852147349,4
0.056335816151871665,0.12775834921475882,0.3052812087432102,0.460516700317929,0.40826472150656906,0.21829355055690078,0.4407791908241315,0.3283699726072145,0
0.05051509194152404,0.14246347768142612,0.2943578327741215,0.49693525066813693,0.4216498872352732,0.22550669428942344,0.4407001302304171,0.3829289184339832,1
0.7461336787739958,0.1280617455033443,0.1327559507992079,0.4539448624386294,0.9460531103963128,0.2263482983848784,0.511533348086198,0.6865416667617901,5
0.08909150588781467,0.47394760270662206,0.20636092485582996,0.5029558163288568,0.3092287020103803,0.322474320834804,0.4393631655169401,0.3245462561410076,6
0.12396220453524526,0.23917551811375135,0.3294281121109354,0.21009487026937174,0.5286390568712217,0.2836039540133813,0.43318979772478877,0.3571726511450549,9
0.02130609426817348,0.16196054255147968,0.33151334956314493,0.6959154970924295,0.4844450452675913,0.64622301587475,0.444325377606635,0.6915715209849604,2
0.8496481844577279,0.1685680295299939,0.5198926462234974,0.763846458999927,0.29386980228366916,0.0541943925829767,0.3751063105267168,0.3610244979303483,4
0.13009500545848146,0.7561362908351155,0.49617140667854254,0.6248227162093904,0.7485513315084538,0.14940583263567456,0.5167525724127129,0.5579564284540816,7
0.037371352052943174,0.145999184867906,0.2802278192509149,0.5725513509243432,0.4190626946759491,0.2580828996064696,0.43785258026633833,0.5851192509030129,0
0.13428747627542356,0.346252166013858,0.2969235553067389,0.22507367137604062,0.3116843120915232,0.3264164594970775,0.4367614874885638,0.3129686878798219,5
0.07635579537011228,0.7761111864772541,0.09176737275310237,0.6559411274196527,0.8400091120705305,0.27477262245064105,0.4434075839899383,0.4695984972017983,6
0.8792026978276781,0.3373893216142291,0.1177212361773623,0.2840119562092559,0.45695627337239564,0.3754753491247646,0.3999148965149743,0.49332185228066033,10
0.7796742895134291,0.3116103398952857,0.15778469056838443,0.4770556476518092,0.07363716302567475,0.3836157762516197,0.39281468967508554,0.5327474802962324,1
0.7618301437692221,0.00994768421925507,0.13663247948778218,0.7333726343845559,0.5411495131886164,0.20224092281237668,0.42032430780795554,0.28636577739022084,8
0.12779147622421275,0.5203362948528514,0.22813311594210978,0.3337521477392742,0.5802449356784136,0.3229036739852722,0.4365516920706982,0.39267120434635144,6
0.9173034843562587,0.30153644098524435,0.08303888536483758,0.46382794261457017,0.2932345468007551,0.33608475801920645,0.3227761281518154,0.34222859661643884,10
0.037028105360345565,0.20124607682428575,0.33146407225022934,0.614341388364011,0.5333273536124413,0.5664244233466837,0.4524992172900196,0.3359328335469154,2
0.8276136368913617,0.2358399732362073,0.14256518881025376,0.5420879773227862,0.3359649088637886,0.3248776305001301,0.2599308843656254,0.25374606101683395,9
0.031508467084739034,0.12412975453975966,0.3508497333094743,0.6160998343158562,0.4427467130595407,0.6189930095155018,0.44226748006971117,0.601822555076937,2
0.6986793237902035,0.03526929599396758,0.17677802182982263,0.6906475312907735,0.607832230091254,0.6086887853625085,0.29538117971386446,0.5614188272001955,8
0.03952924374626782,0.19819364179694612,0.33430081141104884,0.5942836121858845,0.5305659156954062,0.5550824347542812,0.45243941479994393,0.29077711213471874,0
0.042717192496658285,0.10249715414625557,0.3046020872659443,0.488004341182986,0.38057855113435585,0.2544392890491275,0.4297203249211605,0.4779019433790663,5
0.04208307283799523,0.19919712400010597,0.2665411922050298,0.5504965383743662,0.4815115686609578,0.20564967709338766,0.44272004049617814,0.34824505133951145,0
0.6842582205166582,0.3670120124494116,0.9308891539501598,0.635051117752382,0.6429481511605557,0.4653312758521413,0.325235891027191,0.1888248294732439,7
0.0538928048484516,0.14187369469225178,0.2976572209522661,0.4780440697417465,0.42257351564723866,0.21314344696958226,0.44145364839963175,0.3330150359709776,4
0.8262097224051007,0.15320473227987313,0.6412548816538785,0.5302116274431462,0.7813956161141691,0.08409238326867677,0.0656120724851404,0.6116796075106938,4
0.12570860527336236,0.1970086607128752,0.353035977596227,0.15585812597544307,0.7938209802390082,0.24532941415954762,0.4328027816719982,0.41388417811073636,9
0.10060387552071726,0.14655197555959015,0.4102122092901347,0.3004754148301455,0.6801284955030218,0.5805002079084589,0.4452454952599322,0.3705548545363128,8
0.7816889567714749,0.058001332646740345,0.2468905675447586,0.5130697860728114,0.8999795009926559,0.5808899646018129,0.16125231982094396,0.4904279804435322,8
0.07780489030849058,0.5271911060156779,0.1772465185873277,0.56958467401501,0.36064502018306605,0.30179579150529573,0.4410388864471864,0.34227903394296305,6
0.5937734323143311,0.1862668254798322,0.9246707641380163,0.8615697787559887,0.46497032465435684,0.7806084347822881,0.17768641050471662,0.3440858203732682,7
0.9283007714656765,0.40964951504056135,0.43405167279956236,0.393328791481133,0.4927869144146849,0.21897897924642057,0.7233801490332017,0.5095605235920718,0
0.07648634765189666,0.542923397982507,0.16961713837410783,0.5899945841490984,0.37553633263798203,0.3008565796154447,0.44284331527210646,0.35343917152978527,6
0.8721429217700906,0.2781045113693383,0.08654006025431041,0.4458174460185762,0.30947812199848435,0.3282580304854566,0.5087878152703705,0.30292375575073827,5
0.040729389515100134,0.1722649236103852,0.3436596232837832,0.5720903695913904,0.5013129019554161,0.561893513150275,0.44915837174764184,0.3206426961383348,0
0.11447307825049624,0.26393077626250555,0.3077524899050475,0.27762319963789317,0.2877717975943246,0.2971470162276115,0.4387631298939099,0.3091919243450433,9
0.026958689405219505,0.14431482669831358,0.3379185556617461,0.6442729904780949,0.46045475583767914,0.6121897048210614,0.4431893289803012,0.6205183898436069,2
0.0985019479233073,0.15479869546998462,0.33908552475437254,0.27208473561637114,0.6257731918991626,0.23478765693080092,0.43588018088226266,0.3782111016201491,8
0.7115000557869189,0.10299168217122076,0.4842734123361907,0.7527067048946523,0.3232346948970546,0.09432489790943338,0.4261718149917041,0.7071684024856176,4
0.8124135520432829,0.018714191757473964,0.18604412206002355,0.7224366219832004,0.6429052963985035,0.16532453392573207,0.2775829215232432,0.1497064763057403,8
0.8543879870896692,0.15620590787262034,0.09841306329038446,0.6177859326337787,0.6547244860231711,0.23362718734889631,0.29165333644032077,0.30484790403741513,9
0.1046034939937946,0.5931141817988703,0.18421611506263033,0.42050474745111155,0.6590457593587453,0.3167094010702293,0.42993762148784065,0.38282845182523595,6
0.11003599599423847,0.2251869014351961,0.32124242675705666,0.2584245897038303,0.4534412465203906,0.2759929868871866,0.433963408952293,0.33524802153037747,9
0.8483214242808648,0.2644630949721474,0.19708774079772834,0.5872448078356415,0.2510248013497274,0.6675289516663335,0.6720818887239179,0.1748605453657904,4
0.24200389960097615,0.38144897668593103,0.8251956170486343,0.3602641036910036,0.25616800557252317,0.5093777727824533,0.595530303587766,0.5199176370130117,7
0.8806632501458729,0.367044158486607,0.5629220188066215,0.4329240504503263,0.41757147934407024,0.5674098190347795,0.7795766452573525,0.44298465627497263,3
0.7877921842712196,0.41539650352038426,0.4498263168072606,0.4407089052734205,0.2739248738262291,0.2548798176594397,0.6006302176829204,0.7259651496866482,4
0.05143520843699334,0.14310075751620727,0.296316946897989,0.4787036229668733,0.42553363890295687,0.21794785295898833,0.4392625780720285,0.32546564765714003,3
0.05528111000486963,0.13466632493767497,0.3018974305767955,0.4697899111455801,0.41557785541719705,0.21734361364795318,0.4414251329976447,0.33128362445807513,0
0.7690312493474705,0.12187805044019948,0.15305183240400363,0.5032412556321522,0.8324867483504872,0.2185049671975075,0.5999833514742923,0.4839577372876244,5
0.09173196401857248,0.6898761353933272,0.13422451968442684,0.5474880430731254,0.753208333238421,0.30459299182681415,0.43947512946004724,0.43630810162287453,6
0.1502855823605666,0.33999494228057947,0.3166488293386304,0.12922570944697187,0.3886504740043138,0.33059165377592054,0.43181280500881775,0.31961904657657025,5
0.03705178732053249,0.2012453310686237,0.3314699211309018,0.614422237750569,0.5333231545447329,0.5664343264536361,0.45252418470421785,0.3360382189677676,0
0.7641035565299469,0.3112353259211532,0.2324280629582614,0.32228078721546527,0.5199110860208878,0.7583959036547301,0.42982225269781466,0.4968358635892097,9
0.8446103492139928,0.3615189698645125,0.20197245446731638,0.5911510438285646,0.12362822045020055,0.3319152884314538,0.01354361068664861,0.4584167495262462,10
0.8439597131039824,0.22654169287087186,0.19150137082749483,0.3830032077060634,0.7093725193949671,0.29974843101281795,0.22751320901913039,0.34412931776340516,5
0.15496790957592094,0.3612963292659313,0.31497663737025616,0.099177920225693,0.34099124286826143,0.3294513876770639,0.43413592785658967,0.3058032876231642,10
0.0300810695192133,0.212364903605776,0.32055487267375193,0.623753724318655,0.5433163921786763,0.5599865301424463,0.4478463091791591,0.3248008554759169,2
0.04480802127971967,0.1688354273211122,0.34759147568037785,0.5681568419772183,0.4973211669445275,0.5646621044074683,0.4515563978042398,0.32268368566621886,2
0.7793118352700805,0.283866187417665,0.12075435258047051,0.5404748004579504,0.062698395205809,0.3630602587104066,0.7466856757029675,0.30127862169308045,10
0.7200747331984643,0.0319847557768104,0.15891207909005706,0.6687691340897497,0.6080153271407953,0.22376242365760635,0.6816999080868753,0.3029928490487273,8
0.8490812920783546,0.384880417085384,0.39884006955013607,0.6910901949778396,0.0889449019130864,0.19450359436374962,0.4028404612632974,0.5302952495179738,0
0.02234714657539033,0.1778652393266083,0.329361518131791,0.6390743796009829,0.5083938491802377,0.6078369998566787,0.43967944539163106,0.471064433937399,2
0.046811930478549146,0.1386469282339865,0.29540998665286766,0.4687809989766325,0.4223363931741505,0.21703586581179857,0.4337356407201642,0.30555695544418926,3
0.019483404847356223,0.1337819791948804,0.27982267019438667,0.4779233732168851,0.42167845462884007,0.2295597120836311,0.40985878901780615,0.3181052700068724,1
0.6845825079731285,0.3681561600082214,0.7829589699483913,0.5098475841931053,0.5848286438706704,0.1340317866236141,0.5947780474106452,0.20920979530104716,7
0.05782390365408252,0.1171538504181685,0.31104592994683944,0.44660421460913863,0.39846741628213705,0.22052792654265568,0.43970102736660854,0.32212220325979524,0
0.8436912113461486,0.31339837614274063,0.19824088802923423,0.4432622636749396,0.22434090725012534,0.3646632257958716,0.2503006482162128,0.5299885663798755,10
0.04816950379178958,0.15896691154816184,0.2885378849736203,0.5018110446870055,0.44279065982568755,0.206385495890118,0.44190871788824454,0.33066181144305956,0
0.23569766150582352,0.39623661567720114,0.748374854610006,0.3576127596934927,0.19185731318325505,0.16398877976200638,0.5862307966226616,0.5280241236669362,7
0.046056143528895144,0.1500327490829178,0.35805742049609646,0.5463672845230272,0.48137528458072293,0.575379594317516,0.4484984809134706,0.3150737708208182,2
0.629844011124368,0.4158255473874472,0.8511157243657469,0.5212870249006115,0.5236593511067242,0.16850088165056698,0.4339081211710681,0.381605770960983,7
0.11334318111519653,0.1646535116199299,0.41980758248079353,0.21429781084638955,0.8057443916446978,0.583632063398176,0.4377151049648754,0.37856791882433766,8
0.656679562926769,0.29162743305629324,0.9458118342244808,0.6059315531620845,0.7673058853553973,0.4373951740537167,0.13489427656517872,0.35416204612772795,7
0.023437661881547167,0.1608773929488561,0.33032607395900515,0.6718665261644868,0.47972026599133993,0.6222773009661079,0.44392551251719564,0.6365501521499599,2
0.042020663372475786,0.1655641718904194,0.35106793793297325,0.5596589947227613,0.49841301069678384,0.5756961583011653,0.44768768158363625,0.3132342233759792,5
0.7918346195859292,0.08909140367706656,0.15789580902255718,0.41298571489475877,0.8981605434924664,0.2568939520443304,0.3328761534964276,0.5256918558751071,9
0.03811186868236338,0.21416541924929083,0.258062802896324,0.5717936577895806,0.49683740380596625,0.20110475764648747,0.44416737944968915,0.3520830863944223,3
0.019242034945006425,0.07066625908666646,0.2390195408576239,0.4611894432395956,0.3364655062698064,0.22379978382923213,0.44387801370189284,0.5383878664387309,1
0.7034722574768665,0.12270918447945642,0.12810710109272017,0.49017412099601615,0.739161754748284,0.2983123223476091,0.634390550447765,0.5620149400460602,5
0.05851695472255464,0.21739885161513717,0.275439100268304,0.5285264366169782,0.45260816980482793,0.2003087083136359,0.4756247592257299,0.47336302453046925,5
0.8410236294643767,0.19571088985802543,0.08103311381738929,0.46750323895109985,0.5822943242399169,0.32052047641742676,0.6411405846717975,0.36966281895491715,5
0.059083669942985306,0.09524455874967536,0.31825940434736993,0.4694058428209381,0.37024090737113247,0.24505680919730138,0.44312757576301487,0.46581052933335015,0
0.6942968773652671,0.40269399593833977,0.77982428205527,0.4880456401774431,0.44230055790974276,0.1262087498675013,0.517198869152099,0.2754811190823681,7
0.03269042611037265,0.15787702040548462,0.2707578084734624,0.5945900480748979,0.43083198626625124,0.2578108071492195,0.4369589809383322,0.6090516793718244,3
0.041590278177792483,0.15685460336779578,0.2840133418055528,0.4992612322781388,0.4402540055368927,0.21871712006293603,0.43373062349898384,0.33137033107429215,0
0.023261249396883787,0.20427287084018164,0.24666822184499915,0.6439441789698698,0.47784948001862676,0.25132793187570324,0.43710314343619516,0.5921024263321022,1
0.13890082589824715,0.4462707102584187,0.3343568356927271,0.29741360579074916,0.5534621170015374,0.6828758689284927,0.4433902113170446,0.3582771900471093,6
0.10614119477488859,0.6283866430664602,0.16641173848938456,0.47086393168587637,0.6837679690239824,0.30081478566323183,0.44102599861504116,0.4322640127791938,6
0.04189071154123247,0.13204262589448998,0.3585729549786015,0.5820649336394106,0.45621021586454996,0.5950339799526376,0.4490238103039062,0.47732129934593515,2
0.05508479590843329,0.1359779983463229,0.3019152061935179,0.47183229125173654,0.4184394150865204,0.2186776262605405,0.4414552223802089,0.33033086554602326,1
0.0652664222645265,0.5990400358508562,0.13321610982851365,0.6623649698450341,0.4235823104991357,0.29081617545701627,0.4466082441779041,0.3802543246107683,6
0.6701795444427228,0.24239261497478803,0.8836903478637071,0.616440693853054,0.7763718319330342,0.3599817324359659,0.12667420113701866,0.37852718473063846,7
0.7854282553234866,0.26971526361335485,0.10665408381156735,0.6143001951885865,0.26047700215579805,0.3504976725389829,0.04895422311729036,0.3835691821319766,9
0.07616411556114167,0.16571149735806837,0.31614912911314164,0.34290215866015017,0.5787880052556231,0.22326756073503679,0.43161919687245437,0.3438386112810854,8
0.032029040968031997,0.20613555018088275,0.2555272615926334,0.6016500958978485,0.48735256672027755,0.2302551076586843,0.4398967932805749,0.46441039862781797,3
0.039813501465342405,0.1294811473743108,0.2927535028491377,0.5074302935222771,0.4103631302077831,0.23896921159684098,0.4321532958171784,0.439007169831841,0
0.14737675534236835,0.11814326061575928,0.35036440371005134,0.48965574521351435,0.3894304653175822,0.22435058721669032,0.5257104749335473,0.5138411254302124,8
0.05385079321742947,0.6184341013681849,0.12361333369225053,0.6804443437558253,0.4529000611173517,0.2865370975871687,0.4379294675300666,0.3525405336074346,6
0.7570235939801659,0.13605132118137786,0.1282107958802684,0.602698465699328,0.4892089150546381,0.2833501526886822,0.5110156026018478,0.3505841100938139,4
0.04147735897367805,0.20262162244079024,0.26409500188655083,0.5559465286032739,0.4834192461811747,0.20788187234956787,0.44351503728786246,0.3524894713676708,0
0.7384853208243779,0.26826838778460627,0.8861714351907233,0.6290895670760523,0.9639769308893734,0.3682624337467055,0.2652903463855212,0.15344133472657906,7
0.09248902294743955,0.6837265568286509,0.1384590066660367,0.539504415598259,0.749785899381571,0.30915628184754457,0.4383875376110103,0.4298554432153464,6
0.04651872587377154,0.16963622340569995,0.2827757074979012,0.5074671443458314,0.4529519702021267,0.19560187403003768,0.44246877640888305,0.311694605949173,1
0.09947186754905613,0.15573319223389936,0.33977944459433135,0.267657931117971,0.6323530754270968,0.23500148238926327,0.43575831587799074,0.3796037916181585,8
0.047279048020767434,0.11631157525957711,0.30098958321340324,0.5084937702571651,0.39228615863170985,0.2523015749817785,0.43733318706558855,0.49926845384919044,0
0.049141225266032595,0.1432077286475298,0.3620487805941893,0.5384382479668972,0.472957133182633,0.5731706944632788,0.4500842114240262,0.31940247392048765,2
0.7309382995578566,0.4189215591998565,0.8103694346209666,0.5199779951808946,0.7393118438762054,0.13171133563663867,0.29202579161877784,0.1927224014551152,7
0.0214468525116287,0.7962730574552446,0.03131073556785924,0.9080157325359421,0.6370681936977471,0.26812640647386576,0.445576063058418,0.41211870510549364,6
0.12338982324893316,0.5018832161835456,0.23555305976091628,0.30490728715762094,0.5689955591508906,0.331899030586872,0.4270324514771727,0.3538713313153278,6
0.8448694084040194,0.11212681991614681,0.14668499132214508,0.5001934956005045,0.858862244607987,0.17702682189676514,0.25844752177435626,0.48368810460260075,5
0.10787641007474763,0.5996555721516688,0.1849294469787292,0.43190788307820616,0.6680220535973637,0.3230269145716822,0.43387373399134543,0.3960593586994727,6
0.15595167631912013,0.3544665645652125,0.3167572400671219,0.11779225798343079,0.4353533114658803,0.32984174219685447,0.433256226925022,0.3372274224276718,5
0.09220865972106335,0.1889686323351909,0.33003527061614996,0.20879273545660132,0.661448316710763,0.23472686781303329,0.42096250962427434,0.32488603771623953,10
0.11111033898083122,0.5586662264233536,0.2044338908991437,0.37648346423790063,0.6280125420239991,0.3269735820707956,0.4277050350603395,0.36670199180046853,6
0.10101166692791397,0.16780485453879201,0.3384554695965775,0.2631140488092284,0.6657230808656385,0.23766369653168792,0.4350567205390511,0.38595395960957285,8
0.06520137410593074,0.12271430657557811,0.3152609435824549,0.4240716900614417,0.39986385744008457,0.2274463161902588,0.44006421269559914,0.33039541168849407,8
0.9090138284308378,0.35719594495162305,0.1597624749465279,0.29088972147527925,0.5749666981560044,0.34127006945487803,0.6191074916391235,0.2887299947457843,10
0.20662229842273153,0.2871600181330471,0.3292842507199413,0.31311175428027194,0.2128671865285529,0.32073606734522925,0.5174687375055762,0.4087235124243497,1
0.034901192752979204,0.17781770964491964,0.33810270826236694,0.5779607393811962,0.5091046034952198,0.5634688140715998,0.44409227959302683,0.306314238808844,2
0.799593537447322,0.024671221222085704,0.11447952714738582,0.713526227025276,0.6491982292016765,0.19784329980467485,0.5450678326590461,0.25167763711912544,8
0.019309843251563485,0.1770556592813724,0.32235268632054587,0.7101692920371261,0.49748162635592813,0.6388916709385591,0.4452112147322453,0.6880660785391755,4
0.679216665429226,0.3131823914399678,0.7988219790020319,0.5006596112761836,0.6157853772099228,0.07641844026426314,0.655746343773425,0.2664636570219391,7
0.8970360416395258,0.372545418005672,0.4347752990704954,0.5003511096194703,0.24884494910515154,0.2230905389200644,0.19742256173467942,0.6020108824221716,0
0.808567743169007,0.27074521890091785,0.15562251178462225,0.43946829264599463,0.4093850762171659,0.356015610309362,0.061897649547926537,0.4162384788683141,9
0.663355783104195,0.42319373823128126,0.7760014059907514,0.4871575283394324,0.6727012003327429,0.1582010918113897,0.39082912163389655,0.3565466615470982,7
0.04106541947043102,0.6920867658554384,0.07798616638017328,0.77645426222689,0.5173871025725346,0.27679268692453307,0.44419064775170697,0.39191325729441356,6
0.8296935444060469,0.16984728690352235,0.4862455651135692,0.6912212589918809,0.28762430549083157,0.06219458904254743,0.5048517753991933,0.505874942598092,3
0.8111541434600964,0.28029140403837893,0.2514410666578782,0.6150608554969288,0.0,0.6989259521604985,0.7074626502697767,0.35261840562404334,10
0.1811457409756622,0.43386795441501985,0.3808981555020597,0.07652281284143186,0.5701315507785429,0.7299077623072948,0.4300812414605538,0.3300032459292025,10
0.02943473407599062,0.13928882459513342,0.27906043125374524,0.563020656473979,0.41686604142807293,0.25797570573044193,0.42866125040673364,0.5683070406811637,3
0.03713378975631709,0.17561255473763587,0.27310832870985835,0.550009890032067,0.4577035159957969,0.21062892608076642,0.43991357051944835,0.4052030003809066,8
0.9204736337762056,0.40453170791715853,0.4719793476658371,0.34395431104227275,0.48741977998439456,0.2272618585889613,0.37159733930810723,0.5903219735326005,0
0.05182438240309928,0.1498563544402145,0.2938320260127467,0.4888676760272041,0.4322562201220745,0.21723496609934922,0.4413006305178837,0.33319702508135884,1
0.08624297104702,0.1472854865785271,0.32909683730816514,0.3292823744324789,0.5518404580667756,0.2319499721190008,0.43752385364649543,0.36257004742682053,8
0.040729389515100356,0.17226492361038517,0.34365962328378324,0.5720903695913904,0.501312901955416,0.5618935131502751,0.44915837174764184,0.32064269613833474,2
0.791327025911932,0.03208570692983692,0.1101567966656655,0.7750880513110021,0.469394779418302,0.199918839349422,0.5625467210660218,0.1836997837324629,5
0.08444864854936707,0.5046813951877039,0.1860099721245377,0.5428301959198943,0.3300784594320424,0.3049912748123993,0.4436098730396796,0.35010000415804854,6
0.9443232330199266,0.3564546354261354,0.4935475929562151,0.5126422536689001,0.30786677124451234,0.17541078797499088,0.48424089256067954,0.32724268796503453,4
0.8634571194760665,0.30750371335738447,0.11442481562537193,0.4252255463776804,0.27257342082902314,0.3563379147919743,0.37350458974721557,0.3921507326969364,10
0.0577717602637971,0.1221010953279556,0.30904230547085326,0.4536422065460221,0.4035769261217906,0.2206723199935873,0.4407201822772314,0.326430652564003,8
0.17685879259589243,0.3671447896683939,0.33222410905945127,0.03706549203678755,0.5692391813087219,0.3501713058221239,0.42666087297316396,0.36479608247337264,5
0.8066071068135907,0.33419521934370827,0.13651306282298242,0.3495072853239125,0.3080724170882918,0.3888883053137419,0.37020181223447685,0.5257113685139215,10
0.9174242722999257,0.40253599424742237,0.4736475441337745,0.3928326793174067,0.4662151963478658,0.21138181867348194,0.6263574465023914,0.47700473462544357,0
0.06958910100425603,0.1654496299635163,0.30615374672110773,0.4187592826167559,0.5070465573765676,0.21297531406152231,0.44249113400571977,0.35745219460342326,8
0.04893797857028809,0.14980026513568642,0.2908759897894525,0.4990899126505206,0.43036903446668223,0.22188182352702812,0.439934273877157,0.3629337814626526,1
0.8152209456340114,0.3207516849135028,0.15108909881089594,0.37106417909075484,0.30226167941882953,0.37276965607335455,0.5906266324874518,0.3923826116534471,10
0.9149677536697337,0.3239477675272293,0.12187741248614098,0.3748008478972569,0.42075276593292854,0.34331796615878757,0.3661064928241149,0.3433750758423114,5
0.04454120681417284,0.16549641257691894,0.2829272318049092,0.5010556308534392,0.44950990109903366,0.2130205238763298,0.43707868181654036,0.3111114575679541,3
0.03472541227320808,0.19735193012485286,0.2639845220794372,0.5473703735022138,0.4825163025491153,0.19477271410872302,0.43860230446713383,0.32441443294843986,3
0.5873719207371478,0.2528548193051529,0.8687721621461553,0.5904750349720024,0.4198926789533736,0.42385016244748763,0.5093129135776461,0.5219617537155293,7
0.05276030242875501,0.1059690278619683,0.37509440628418994,0.5436291597795702,0.42592880259528326,0.5801540040920428,0.456743690569206,0.46908629649416744,5
0.048442527695004456,0.13555794615876848,0.29709875457041585,0.4881228630172392,0.4175790898578278,0.22535463039016132,0.43777547503972725,0.3716650149476167,3
0.815251835978124,0.34575345862544504,0.17058786329275497,0.2755526155173579,0.393773663068365,0.39331201115522485,0.19695018652388188,0.5615290130144953,1
0.05125348866531265,0.15356738973019765,0.29136547754916203,0.4934221088235952,0.4347966344867701,0.2159279507251838,0.44160026999333335,0.3360723120103375,5
0.7426080333491332,0.2528994854115521,0.910363549241798,0.6520543171515594,0.8381036053838671,0.013404795616745124,0.22057851808785103,0.064700675467038,7
0.17728962264611725,0.362776557557388,0.3334119731463685,0.03734607955477531,0.5585568198341301,0.3489676550522073,0.42746605630048107,0.3650804323562802,5
0.14036660065925385,0.2996942271782576,0.32392096160818334,0.14872263276076347,0.41324847009291277,0.29605323721681864,0.43970416490050906,0.3347930169453324,10
0.019047462866246423,0.2256124789073974,0.2343683302993404,0.6710055713263603,0.4979502785803544,0.24665599430636898,0.4380662328054711,0.6004684853629141,0
0.8374559926499893,0.3009084863386928,0.12837403748873458,0.45925383631636485,0.20091097176976513,0.35775434842922543,0.3283304163978281,0.387148974609323,10
0.038920284876926836,0.1704409351994061,0.3432768910878129,0.5697356624889539,0.5003931464745853,0.5642441997575165,0.4466242114925499,0.3129856308437641,2
0.053866294015620264,0.12920355276319562,0.30137483357805317,0.4999397128462333,0.4065155179393749,0.2303054159493918,0.4482620159484601,0.4479778339309176,1
0.13550598485682266,0.27770792447834164,0.3247417821797529,0.18732674152741546,0.48432925188181164,0.3060001187171152,0.43306034631839835,0.3509861339027158,9
0.14315337530684868,0.3016324773485406,0.32849552079472216,0.13375590861935038,0.6595507333755025,0.2946885483098885,0.43036026515536346,0.3807296511380239,9
0.8094149173971659,0.20359482961948122,0.1502286787679197,0.4105609875956243,0.5607358818077464,0.306113066412884,0.31446724474024956,0.43591047169952696,5
0.04990365432886085,0.1580876151991294,0.2894500187579426,0.49896917752697395,0.44142459991078375,0.2181552719612471,0.4409942228289343,0.33380268311821526,3
0.8347646241679385,0.30961123028427023,0.5661281334784163,0.5950065392666577,0.3141351950607646,0.5390797605583304,0.05718575110580815,0.5496734622019885,4
0.9094866447306214,0.33618784854050254,0.16621077257666522,0.5607764772938667,0.21792244680814526,0.31461129167452995,0.6319380314017996,0.26080725594246734,10
0.939660858622442,0.4009344818177659,0.4380144739818067,0.3457282912480593,0.4650919153316596,0.23417147837792024,0.10636120488054618,0.7064706984068274,0
0.850402468858094,0.24830704636284473,0.13054057388574478,0.5681197499501497,0.33441530198460356,0.7044832103180108,0.569861672967829,0.2703424016869651,10
0.036447576991820885,0.18795461810653497,0.26943585790670715,0.5349649154418846,0.4741242981407924,0.19905794216578948,0.43763244688435826,0.3195293188834629,4
0.05143617999009048,0.1437236910770288,0.29602062772231996,0.48019539327027,0.42582577404495847,0.21500585612562195,0.4399742970059414,0.3268376745853771,0
0.04881720696043673,0.14255206668834647,0.29584812199533295,0.4591937064543597,0.42718139174435615,0.206907297069652,0.4350310741235902,0.2655495485954114,1
0.5944286959182585,0.38748461063764034,0.9221919750549545,0.5879396584016013,0.31779984053338606,0.5496315776712098,0.4788613930559876,0.3780410499844404,7
0.034537224981841586,0.17552734322356411,0.3393383524742041,0.5732294335942877,0.5074839352850894,0.5670988425593322,0.44316848404040887,0.3020648787146756,2
0.03896005433725197,0.10713379582619365,0.2958381234191015,0.5544623416521116,0.3774068830487117,0.2813196258311427,0.43472076981328706,0.6595045337249336,0
0.033383118335815254,0.20236208232377267,0.26071339207607175,0.5511917419276436,0.48778923637488963,0.2032482109460886,0.4365018802784826,0.3231414969218025,1
0.8236362233496797,0.41650009866331617,0.46531627528728736,0.7361534016477769,0.11061634222451888,0.15919997487516752,0.7214500531438958,0.40807187234900416,4
0.7380583906197442,0.25592865242636437,0.1051143607748215,0.36153607870968923,0.43583298322226816,0.4048277717566731,0.5800423150169927,0.5829296569424377,4
0.1612218914582151,0.232283888739714,0.7456526520514325,0.5621602527013171,0.43333502815817343,0.051081175375114474,0.5916573762691856,0.5653712206238076,7
0.8006809359951546,0.17551497849803765,0.15450520835728732,0.44034535486642506,0.6651305611117488,0.2993317408555481,0.674169146261376,0.32053225113275474,9
0.6187533394953275,0.14385577617547518,0.8689108831344692,0.8007191261287799,0.562702146832224,0.3703801765055962,0.12130728440018884,0.2901647991445807,7
0.03910325045188556,0.1028595385637231,0.3010243907171825,0.5077307900653384,0.3798764405337029,0.26305417068062054,0.42919448528588233,0.5300084709935632,0
0.04931593370385784,0.14023759699947058,0.2962127716713324,0.4731796918159719,0.42310581876714815,0.21651723001607054,0.43674326552111664,0.3158623426575176,1
0.16490880672457356,0.3264514655925348,0.4071875619205919,0.0944305956543598,0.752071252390079,0.6655381879825024,0.4392774363028454,0.3847437385072943,9
0.852640329327977,0.37474574607749783,0.12648885591561948,0.33146217632561326,0.4686265165283503,0.3772473940384672,0.23829367657304873,0.5148060369081063,5
0.7835075150182859,0.08094036328102369,0.11514369211417572,0.5226638682415167,0.8412615058852477,0.23417599193458938,0.19361522853073304,0.5788356110923213,8
0.02766089843246572,0.13444597686218313,0.27993064192183664,0.5407321586020221,0.4115232158099499,0.25472757951303626,0.42498179634119415,0.5158318138990564,1
0.8632272715972584,0.2752625299032502,0.10270208346141271,0.5650381997769861,0.13019446067954665,0.32890990401436365,0.6348362543396842,0.20069859598180181,10
0.02141550972511541,0.2139554714797534,0.23862579267905212,0.6920724796562647,0.4817179590380852,0.2639981212811687,0.44246766631833606,0.7062750376703474,0
0.10057518919319719,0.6087064348557343,0.5249110400329919,0.6552472252541046,0.37823569089517756,0.1496475257787897,0.5053713037749871,0.42129999353578684,7
0.6640189891010859,0.27771165777037143,0.9581233642064914,0.6563894499133458,0.6969800043156121,0.4306733593853684,0.582359245289988,0.15087879352246997,7
0.24349990080401285,0.41170326623928777,0.7509337591187744,0.3230318288970895,0.2641176411980613,0.1676614305134931,0.5858941106888718,0.5425268216286,7
0.7519588544595499,0.09432294480446482,0.17869961318040894,0.5523483186503726,0.6569081675358138,0.25126353547004976,0.6398181345589162,0.30169329965001385,9
0.7533279489969138,0.1322529622122073,0.15807793499641087,0.41597773891270906,0.8838218126289871,0.27577079830726325,0.5999581965108195,0.503921500294959,5
0.7453429140188597,0.09151647765103865,0.20214656092715183,0.4122859955271518,0.9126193956279793,0.2556946286685036,0.1922082296566443,0.5696022275988156,8
0.903173333461874,0.3204224218600002,0.1005766932498369,0.30761676517899306,0.5043072991317455,0.3650768985188259,0.3269054287673506,0.48238220591298364,10
0.05232382916456252,0.1236062903455222,0.3046316310630272,0.4644475387479561,0.40551868160486293,0.22626487930965708,0.43710350594008207,0.3473227571473505,1
0.8253432455782508,0.27468191679799087,0.12191320931131935,0.4946651041008836,0.28526980735157526,0.7238939218762954,0.7809806566614318,0.42279757223780784,10
0.16948375608829142,0.41380407761493854,0.31050683723638495,0.07860087031875346,0.6356443650389058,0.3456657973078458,0.4258491921526866,0.37481871453336774,5
0.2412723762460436,0.43321668000064384,0.8039181035651224,0.37022638128296975,0.27387315477147056,0.5303999425835435,0.5939688105426065,0.5132247504429907,7
0.7016947356732655,0.05777815645358714,0.18500694986098642,0.5228380715584691,0.7405399799101138,0.2504687478240666,0.6703661155372278,0.43064575499711616,8
0.6963187769370192,0.043341985227871666,0.16407203752570487,0.5946257442610386,0.6437940210244126,0.24770213497082672,0.6246330307541511,0.4235488880562693,8
0.7744621151328438,0.037410771157036865,0.13895292589186997,0.71303891165079,0.5848394682875441,0.5896948962307572,0.838352617123999,0.30203125541914244,5
0.2802276880617677,0.4385096774122056,0.8470499467218133,0.19274513979750663,0.5554464089704423,0.5159668195119155,0.590505773734582,0.5848989423096381,7
0.8683007551427158,0.350266684690257,0.36747259706634794,0.5230543986818278,0.17564415140145323,0.24804773844201183,0.795800689625157,0.5955043331585718,0
0.04060251894129091,0.20160018963957133,0.26520767779038174,0.5556459531900227,0.48483647451055994,0.20443346399212162,0.44346242872927594,0.34723011450035024,3
0.03769842528518247,0.12212539915725218,0.28961393354619897,0.5651586090377625,0.39407311803590095,0.27556220921530794,0.4357960314549649,0.6393087824678519,0
0.8540643236391763,0.3375218654377813,0.1054516946652106,0.3477779891914241,0.4744352112980067,0.3608852204364921,0.5796024571776367,0.44237049745560364,10
0.04971748913778051,0.1605261584738224,0.2876820802399173,0.5023983722054493,0.44230661940293836,0.21489899731468226,0.4417821752025216,0.33738005459676484,3
0.8753826294975283,0.31854734227312503,0.09745959180035868,0.34424340655381747,0.34487101813186766,0.3776477361528743,0.20764134830486927,0.534586677698703,10
0.8825420531094706,0.25904913059954665,0.19114046771445153,0.6941965437177009,0.18982060089151392,0.6329153968193052,0.3700480610758257,0.1036220406252561,10
0.037664377099157376,0.1925018283793803,0.33529076453674495,0.598787929034917,0.5239036669813398,0.5661649434150082,0.45080712065094314,0.3285527443616049,2
0.0727889281813423,0.5482914525047367,0.16325745579632103,0.5951570735575057,0.3784325210832798,0.29716381759769495,0.44105946166469345,0.34983527379676915,6
0.047382824216335606,0.13493589294400343,0.29787653511645235,0.4642265661802413,0.41979597880945485,0.21834288118596418,0.43343600124471443,0.3026816685152107,4
0.7274948418597602,0.21874712020844983,0.13081331451230807,0.5777499515430162,0.38827290833226713,0.33404074863705124,0.2731782042857069,0.45939019075188253,5
0.036913587660159786,0.11839016014686218,0.3555207884091166,0.627977389486415,0.43362888942162897,0.6269752076196831,0.44871819112885153,0.6639614977428925,2
0.1440815436591696,0.40101646163094196,0.2911957048120524,0.1692372580263204,0.4901625392317346,0.31283683094585707,0.4334575501053407,0.3402836233709331,5
0.8428682042425589,0.2904314333543972,0.15959828706048929,0.476831427454977,0.374664562280639,0.7045911631125776,0.8200323620924227,0.32300967345377546,4
0.68888093578872,0.3995132586443482,0.8530848522677431,0.528893242403928,0.7215558265615992,0.49783020994857324,0.364648861615794,0.2851813431509519,7
0.03179751177350282,0.18398558757291933,0.3295885192489527,0.6302650732012143,0.507857322462652,0.5786124712975413,0.4488093107251399,0.4485884156719431,5
0.044705037213230325,0.1493167322675944,0.2892600408800383,0.48231169515487776,0.4323867924550143,0.2146998970271314,0.4342171854048021,0.3097399849595952,0
0.881288703742127,0.30163115960849957,0.10415501294483656,0.4270932006812862,0.3185172082476063,0.34745721179975647,0.7709564835489258,0.2660237704265952,4
0.04359456491221986,0.1721337284260503,0.34650174113061605,0.5759885869697621,0.5018782652914373,0.5642115289878107,0.45190269091852214,0.3297066417787055,2
0.6705754224689959,0.22272946325990592,0.877071934176631,0.569795659218436,0.9204323826806317,0.02891097719938235,0.10838934576610987,0.36871456588492146,7
0.14853279855655965,0.34427443341577424,0.3172734251530046,0.09194795729231064,0.4267045837908139,0.32952976145444884,0.4236315106300887,0.2997494046752791,5
0.8828758192075065,0.31428862236472693,0.20171508476851036,0.5115070053004909,0.17759179676787668,0.3194099540632033,0.14541579091716966,0.3391835316221047,1
0.68008515531471,0.326826398034331,0.10107700649694618,0.5267806979267295,0.49551681213660803,0.3450200769786351,0.5547719455466469,0.5623357193010706,9
0.5849788747316476,0.1735723747306536,0.85790835424141,0.8104887623869915,0.4812805576502621,0.37954033029052703,0.4320341594944844,0.338011347183346,7
0.8842943410599613,0.31674953107831677,0.10358699830408627,0.2958018419469652,0.5550651277161592,0.3449973809226332,0.8646675286226009,0.2978406559444142,5
0.0653713222166662,0.5905424596695448,0.13868613705318253,0.6505132466709898,0.4196272236361232,0.2985052209651455,0.4439269571056563,0.3674582754078905,6
0.05507923904940892,0.12695331106326818,0.30516782010340116,0.4658473784838944,0.4085740147756882,0.22297239569392655,0.4401017503115579,0.3430947739686425,0
0.036370949834354294,0.18800197946485378,0.3317936787057969,0.6279979383516903,0.5125355440926418,0.5792329343223209,0.452322080251408,0.4331971691518363,0
0.8829552027249392,0.3499122959902106,0.5631056311823974,0.6357376087086155,0.058629651577480846,0.18047112929349243,0.47938440223034606,0.3562110569108749,4
0.14675532737333574,0.3588163199341724,0.30631187399018,0.1576298787971801,0.43571286227819145,0.3349693085392658,0.42879631654275346,0.3276998760142834,5
0.8875852772475109,0.32642159005410665,0.11862378213544245,0.33759005764804095,0.4014976080522728,0.364601019459001,0.3044499852432616,0.45134687345239277,10
0.17995591817218512,0.35490004291397503,0.34190478517492073,0.010148287905314857,0.675088416434614,0.3363278427461847,0.4276343555512144,0.3903232017816941,9
0.9107972261962389,0.3368355417399882,0.09398888273371353,0.31107756091465005,0.5034307285682651,0.35857190344408313,0.6766630031449037,0.38354844918999964,10
0.8400340164943184,0.17701784082309036,0.502076622528675,0.7034882505929754,0.3445548022607789,0.0559784021549844,0.7009425998777478,0.3845067984178816,4
0.09900878784274858,0.17711767797203792,0.39144860998048475,0.4305030206306781,0.28262293203582406,0.5611760634522833,0.4666758424887431,0.3750942546867279,8
0.8554860993887227,0.2883323813944388,0.19923793062568995,0.38726304021925767,0.5854180456678468,0.7117121772314222,0.674059302830719,0.2738538244171069,2
0.8976068818703468,0.3156556983635491,0.13590104103801637,0.35372376043186304,0.40607374891308795,0.3298173398903907,0.6850154626262677,0.27022978804171965,10
0.839026218970619,0.22906640937258171,0.10589537145892786,0.42478162663684776,0.6563524802565353,0.32832338463125466,0.057278009442210065,0.5300202824328366,9
0.03310940625815317,0.20958730382731602,0.2553536118572373,0.596008726294944,0.4916881623487754,0.22480223467885277,0.440434873617434,0.43727073769558544,1
0.04455001378678175,0.14587426241033408,0.2904765217845011,0.48112894598486705,0.42957818404983045,0.21651932338797208,0.4335632032028257,0.31702105511111767,5
0.059121194472848804,0.6214153332587218,0.1220780953342046,0.6897247966196822,0.45172135006534286,0.2960968994916792,0.4446901333436507,0.37572918295742513,6
0.8097480567231145,0.2782966500757006,0.19507640701480555,0.555153208645705,0.19244109673996246,0.7054646774904725,0.18217120614047339,0.42845358011158025,4
0.030372779466445732,0.13850432211974772,0.28006901574653814,0.558521041423184,0.415604251405038,0.26363089044747673,0.42920845906672284,0.5565481341807332,0
0.8571091301484753,0.33837277266092936,0.13782360115471914,0.2770309327429988,0.4073746649909923,0.36881791192487934,0.25421995495159927,0.5392458307002659,10
0.0297827813703036,0.14198777765198384,0.27669757487898006,0.5818754095062599,0.4157698084955072,0.2686806827478754,0.4320881548672797,0.6151706420952503,3
0.7044102210117564,0.05943873830575386,0.16674161735084342,0.5377861923629758,0.6724347203041232,0.26235251499853807,0.338894021897561,0.5377977438963859,9
0.7292110984729647,0.11521042750578245,0.1450229982860672,0.5155957396706408,0.7359235608922411,0.26478120047827924,0.42376402460106005,0.5227766239750342,5
0.062380330272090945,0.6056821860576007,0.1309165092950503,0.6698348454808958,0.43611149588285336,0.2984690841258805,0.4442500894855998,0.370908353234258,6
0.08924518501196393,0.6828153684024818,0.1350956427003735,0.5355877713983358,0.7449952196058705,0.3012643408360948,0.4355685821508557,0.4233311907427926,6
0.09965628847820102,0.17551186214522937,0.33721311011088817,0.22605166415453576,0.5607318685452434,0.2226675595599823,0.4390124407503691,0.34944010581321944,10
0.7504964663044746,0.12221380629143522,0.15607255660536523,0.5771966500669106,0.5284544164848312,0.27558242392760146,0.747166505155866,0.26688285940789097,9
0.04755511430456283,0.14247790389406173,0.3614981554901946,0.5299444911029493,0.47131291420469357,0.5652673900585736,0.4489938055907643,0.31182403878933396,2
0.8698431457493422,0.3368627434364851,0.5412617971830117,0.5413525153217906,0.32077662475281005,0.5554504359513378,0.752035782080031,0.4254734789137722,4
0.9824518665874036,0.37469633860817725,0.5253045482128381,0.43551591760558916,0.42059472909046197,0.17246609929441775,0.3955061973224659,0.38133173513174184,3
0.8429424039069893,0.09827425012103103,0.17548881250271334,0.44372827861750197,0.9016327806941618,0.2296019848229567,0.23295655598512569,0.3903209301866104,5
0.11470858355395386,0.5973519713175275,0.5375474589520521,0.6506040859592057,0.362343094423297,0.15173256111505556,0.516884129961756,0.4598026903539344,7
0.8380266379327644,0.3277570496495579,0.5078171421627176,0.6476678564098053,0.09016977051311115,0.18865118416265883,0.6309761263727092,0.3342933989501542,3
0.04618179147255108,0.18043704737854221,0.2776680152800748,0.5260282375886126,0.4631354795972895,0.20986540654683927,0.44227641324466394,0.3393828373902352,3
0.04730601763586584,0.1229741057861983,0.3660334020447068,0.5592367211305997,0.4479434209387221,0.5964555130585271,0.4493307137627617,0.4436323839530416,2
0.9143778484068602,0.34228555892855367,0.161228689270492,0.26485660955059975,0.5376181492372811,0.3526615615093562,0.28845900965317567,0.39362250187408876,8
0.13877582754901355,0.27481056535904935,0.3294154535728847,0.16863566739870545,0.5206585629274041,0.30334830014439484,0.43255685255319853,0.3588673358941874,9
0.9165866020937015,0.3616262375857673,0.43367004888276195,0.4873641454644596,0.3593745385795335,0.20321497741146377,0.5878502688595174,0.5004450705875585,4
0.8383616198400294,0.07236904461293239,0.12539857315131364,0.650163644177423,0.6872145810722424,0.2078278532458049,0.39415077260594583,0.24369912006050695,5
0.0858720296979259,0.15724221555099643,0.3256009808975342,0.3327950000673676,0.57139882555563,0.23153077672152522,0.4372697015586512,0.3658815719347417,8
0.6376892852037774,0.25708684909001045,0.8016932072625126,0.6406640964439441,0.34918629433201126,0.04176776293254281,0.18133205988531442,0.45278735017731314,7
0.8193374143158759,0.28254308518294985,0.08151413550600695,0.5196225688094284,0.09973993906887818,0.36968636849788195,0.6538305037291035,0.37982375295047044,3
0.9598418638759987,0.37971725181072513,0.45538036859570435,0.4730666349286109,0.40881093306337996,0.18466486300029542,0.5165469272568778,0.39015932541294335,0
0.8153484991974657,0.09243772807998873,0.1389986737677812,0.49349137770675633,0.8128844997887712,0.24767263913603915,0.11832899207237035,0.49789151192872555,9
0.027464544946732228,0.17407489307494528,0.33398134300719445,0.6124912687443227,0.5038038682832365,0.588384844038417,0.44153253571155393,0.4132600233855467,2
0.8227987721771551,0.30084414526058867,0.10976738306706413,0.452364524999609,0.15950254203460118,0.3757667544715304,0.14883440969448553,0.5086999686781979,1
0.7774792158934047,0.2809423876006115,0.13905811672118398,0.5464679457549645,0.13122197132674535,0.3529015461212582,0.6815581968519591,0.27944703539666593,8
0.08278744819919953,0.1510765391410367,0.32654692982998734,0.3209604011807096,0.5672921895574274,0.23224352716879304,0.43270945185388404,0.3493749490596991,8
0.04986646121498639,0.1626295505920038,0.28637003414455825,0.5045308337830807,0.44358534386374737,0.2107982595738023,0.44222342111569657,0.3397583937110717,5
0.9753826527565665,0.3390730994358083,0.22503147248803437,0.3879669301698225,0.4323965361890993,0.3103819886353629,0.4340534499063108,0.2562107581325294,10
0.6745440396549789,0.20739775754449843,0.9612558235652985,0.6896890229397314,0.7689467499880368,0.7673821035580769,0.36302910861300364,0.24016750904390224,7
0.14249472499237836,0.4271721823810954,0.34476849647323227,0.2737978723179347,0.5344590629241287,0.6904944370661037,0.44250942536207555,0.35177899981428123,6
0.045013897274456705,0.18080369927093703,0.2767345599392437,0.5293967470906948,0.46366716542644437,0.20684186447585806,0.44306388569781197,0.3417714845694217,3
0.83599081995965,0.10238275947902226,0.6604749967952979,0.7185369895015344,0.7411518104180232,0.3947194867287397,0.22311270398662986,0.47735749171342595,4
0.8241543623508727,0.4004034182467037,0.4528919052036648,0.47978582192732944,0.2449902753479969,0.23348239428941076,0.3449178717636736,0.6811031112512846,10
0.04570126006595904,0.11751361117697537,0.2991299622724935,0.5179588143019689,0.3929355219394215,0.25440575459471815,0.43737643888449484,0.520963084305697,8
0.02789020505026113,0.17060125311212787,0.330330344523848,0.653078247942275,0.49100740046723235,0.5998590693309602,0.4470185069822549,0.5549966405060471,2
0.008235247144899482,0.19130197156160714,0.31882299803494035,0.5766666202264845,0.5325542197269456,0.5682114694587762,0.4205870469709469,0.22623467888228935,2
0.13006613029732303,0.7534500486085974,0.494557923189182,0.6203663110770317,0.7395134497129416,0.14005246749228376,0.5171472864325788,0.5623186234535845,7
0.8356687573559722,0.04154614285218783,0.13044709810470853,0.6382382927284134,0.7868420522128103,0.19069946407717117,0.49382216897467657,0.24917422452576124,8
0.02053589162463637,0.8166961793533334,0.019298069470554513,0.9357831664233898,0.6499281292196557,0.2541983118472898,0.45057380220427434,0.43695052839875265,6
0.7954104586099942,0.31447944861484795,0.17695068419072216,0.3715669479842235,0.33330441491341173,0.7500890330842181,0.5871870224154956,0.5416631563685421,10
0.8230436783811903,0.300337217693423,0.1259491897911796,0.47560147621369486,0.16873422981588265,0.3631128014459831,0.33791514446759874,0.3976823325625267,8
0.8909402167185618,0.33571353734407094,0.40251234164658184,0.5516185012014903,0.11766373364815585,0.22538284668837266,0.3210330757440708,0.5952092568893717,0
0.08184740762398174,0.1900630881445978,0.3075488029996739,0.35001263176810804,0.3689012428639432,0.26296220204973425,0.4304176291242564,0.29865376693448903,9
0.03993103310922713,0.12051380963617231,0.29212875199881916,0.5531579844743166,0.3928492587627728,0.27014555208501084,0.4363756126184109,0.6115313213278583,1
0.7946358922409831,0.023917835257841275,0.12889663101880708,0.648252312101333,0.6933158457710809,0.2046753785719364,0.6492630354171979,0.2638787708317223,8
0.8546376590178484,0.2127049918173491,0.1023508850739942,0.35971108920151074,0.7092155006893568,0.3301624074657344,0.5569031924269644,0.4377262773429916,5
0.10536798266366165,0.26188903535221975,0.29851910326429504,0.3215810074023664,0.24659050116032086,0.30640081598632246,0.43471913677418794,0.2927171848800726,9
0.11245692550338166,0.6291932382027987,0.19226682152515456,0.35942270333287324,0.8210700774826307,0.2896474470526712,0.4357348228877637,0.40628069462269983,5
0.9574896315075385,0.30655011643060626,0.09152071122938318,0.43284380993071686,0.38482601067379557,0.32316696034003906,0.3020181575646348,0.2897531390654346,1
0.043723920198329436,0.10263472836006995,0.30526859280916535,0.4820340942549103,0.38125491467423644,0.25144367920251054,0.4301343748830664,0.4601816336978882,3
0.05949048388884981,0.08250967543535725,0.3231211380941855,0.4673822518968786,0.35154422432634436,0.2060773179315264,0.4728206951732818,0.5674371500671376,3
0.11695802787820275,0.3455048007148653,0.27509326404830575,0.3410698421824344,0.1722234800507506,0.32963334800604466,0.4385383935636902,0.2996850873446265,6
0.01226229375530441,0.2947077768385167,0.2679859143720346,0.76477765904863,0.6152918704585867,0.5539134787399849,0.45429340918643674,0.4740894254571963,0
0.1209331064994083,0.2585663795228724,0.3185406444479193,0.2383660642823695,0.44699190218980855,0.29521716008208926,0.4338712693319182,0.33917987449392406,9
0.04004613879922747,0.2070135574850806,0.262555868721177,0.5606397254618131,0.49089783528862163,0.20947135681325726,0.44237903829644004,0.34808156137601654,5
0.8612245669164256,0.21053321946591247,0.09233566027130105,0.3733430685867778,0.6561585456100306,0.3339404996499366,0.02898211365679021,0.5757590885623118,1
0.11319400714899674,0.5872945476634871,0.19437201489076017,0.41736304974208494,0.6544541550393171,0.3189573423183911,0.43608750802665175,0.40230094746631007,6
0.15313961127812187,0.323273438098841,0.32828033945381035,0.11194041899815454,0.6092256757913712,0.3140848075615565,0.4301381169951489,0.37355336543084033,9
0.8125284275018962,0.14867199013234061,0.5412225491375531,0.5119003874073625,0.7204196964864782,0.08800104982268422,0.8039274985758845,0.6779446102321374,4
0.022222503281457973,0.23954112293994323,0.2329567901684191,0.6477570637666914,0.515763563407409,0.22465849313876043,0.43911402091527385,0.48809430342485755,5
0.8048084448919575,0.11100536330293556,0.1589612559281389,0.5540431026446457,0.6387243195359789,0.2531422625106572,0.07475735470913503,0.40027492437283524,9
0.05317421673955086,0.14533612897128287,0.2957474848039661,0.4833206073238252,0.4256282546980608,0.21500764486328602,0.4419066776822827,0.3354666539734811,3
0.8028636213922613,0.2987098271976444,0.14263581479097281,0.5277730810372199,0.0774579388659668,0.3594154025132072,0.007375665173220747,0.44068080563430834,4
0.7408077569379908,0.18604306432770773,0.09472652721688732,0.6060150448598349,0.34919758265294554,0.3320007196515916,0.6856942693933026,0.3587163569358658,1
0.739116233098041,0.05573505357163716,0.1305504696946013,0.667713174254271,0.5160787516336436,0.24523502092133165,0.5024137185278381,0.35778420243604525,9
0.10853978157025262,0.21447742302301623,0.33120784859296915,0.19869109383699135,0.5184589629814328,0.2443445002091983,0.4360271277734299,0.3331848086938719,10
0.8412380938015029,0.3684763012875589,0.5416311491368822,0.493611648094416,0.1747218468555486,0.22307291889288722,0.6872610731274909,0.4931972122715628,3
0.04722015875623703,0.11453490541565181,0.3013760272239313,0.5116114025044145,0.3899215098119206,0.2551070279732481,0.43752818386148395,0.51444419357974,1
0.05729474603619927,0.12932178452448953,0.30624530619821444,0.4564756055047481,0.41184612829122746,0.21722805853165802,0.44101498166118136,0.3101061646891189,8
0.8168851246750835,0.19956949431224014,0.08956664341370502,0.6138453775002015,0.45576870440655204,0.2989176714521185,0.44648321274045505,0.2942105589227794,5
0.08550409991535174,0.15210673649080936,0.3937687615989405,0.3496251054740078,0.552622333390499,0.585682276151223,0.4416667794964099,0.3237931275886857,9
0.0577717602637971,0.1221010953279556,0.30904230547085326,0.4536422065460221,0.4035769261217906,0.2206723199935873,0.4407201822772314,0.326430652564003,1
0.8998366706476968,0.30086419373276063,0.04812198425210712,0.4666571386449932,0.24333078554004584,0.35962659974793837,0.20235243789835206,0.46993690917217834,10
0.031631140353372,0.1669484352915394,0.3389029938065383,0.5903659022130473,0.4955524418963795,0.5756705707673415,0.4427362323458925,0.3787520419870369,5
0.026905045748143508,0.157728353130689,0.2673751088268003,0.6252891206465114,0.43098478696130177,0.27775035150012417,0.4349599891035946,0.6899633499256561,1
0.011224497460541716,0.2908189608717341,0.2682251367259089,0.7717305700691746,0.6103828323966016,0.5601222341440467,0.4538753240238507,0.5054119334506264,2
0.0449367878037617,0.142115039456676,0.35932977992935433,0.5593837657297402,0.4710435616161144,0.5878197581195013,0.44853659170839405,0.380320559942719,0
0.581019985920953,0.1934889346976919,0.7865930844143632,0.7018042062660963,0.6251061793131669,0.05044588303650577,0.4217426961822359,0.37553967709422154,7
0.7916171009180295,0.06934343224048778,0.2175228696368925,0.47598565505577894,0.9416316068295294,0.20676255965344997,0.5520018836532783,0.2947586030264514,1
0.8300793324309709,0.3060703344491482,0.13325864008039923,0.47675844550181024,0.18950308872283372,0.35551589484064916,0.29666175518152793,0.3826026873485158,4
0.8487056926105556,0.2872882237593301,0.13664428963165454,0.5062797105729308,0.17239063535520427,0.3201514835557732,0.6684704440687866,0.20540332090500416,10
0.04437256383822663,0.1618145079644724,0.3531471035195351,0.5629310271324001,0.49459195773605946,0.5782465494210044,0.44955177505333865,0.3203543730048447,2
0.11633149036383272,0.18757006429949924,0.3472551048677724,0.18288674466325633,0.6979239603393563,0.24017779026497169,0.4345493319891965,0.38764979400024185,10
0.16882653920404897,0.36991593991654226,0.330828262215303,0.0,0.5800476680615667,0.32384498750843954,0.42578685224034984,0.33920652215352665,5
0.058644316240601624,0.5922567056628968,0.1387467441132153,0.6489926928225451,0.4344130827014747,0.3136611655857229,0.43590492122528113,0.3339139879565758,6
0.023334310834237537,0.2334213351293282,0.30642511280393914,0.648296666791955,0.5639793428147065,0.5561067853853776,0.44572649707865086,0.3237009619210024,2
0.050243104086908685,0.15509483686753123,0.2910638311752852,0.49475736604689596,0.4380953797426287,0.21770003554345002,0.44049393693982747,0.33231699524455344,1
0.7606580539016701,0.11347131324475215,0.34628621615491273,0.49848770943397785,0.8725835052209528,1.0,0.7969324925558137,0.36033826470555963,6
0.7925418241177531,0.21508642654551896,0.0945178250943875,0.3956089299606742,0.6061975911424954,0.35383477810473274,0.6261517005922042,0.505254560329599,4
0.6742607728880293,0.30372441447778775,0.9023921027647447,0.8584167762543595,0.3814605530038855,0.42905875476008376,0.5396974574511091,0.0,7
0.09852866326297849,0.6429986330914311,0.15884679035879964,0.48625765271370874,0.7076209616456013,0.31124547587595985,0.43529013625682617,0.4120108836119433,6
0.03640470573479365,0.1228854622207633,0.29133542329230594,0.5238097809194995,0.400938335763669,0.2578599814614658,0.4296170365405474,0.510380012851456,3
0.023316561565341953,0.19565813499339624,0.3206269197943307,0.645627250250912,0.5234960922482738,0.5845563918812307,0.442975976819723,0.435305617242966,0
0.8694376727355446,0.32100121392559516,0.1714411684344513,0.332790270985701,0.4793958349034759,0.3430901794794229,0.42390880431517414,0.37608745831573015,1
0.7509325800663756,0.15609253518900748,0.1591192389204907,0.5291294503511705,0.4963636103794404,0.30207764776594737,0.23947711036782707,0.4401097240520025,9
0.047124533014037295,0.09120486126295091,0.3096970488358878,0.5098522261949282,0.36433929766560447,0.2714818757410197,0.4358318251128459,0.5849273737988785,1
0.041025159175294645,0.09070725896635926,0.30381184556026575,0.5414204261368162,0.36049586215939117,0.28678872763925123,0.4341005717383671,0.6757083920796069,1
0.03905717482784621,0.12799974470125805,0.2911431348857582,0.5430196347929258,0.40451031613690375,0.25012422854916233,0.4363868783315541,0.5474375985728366,4
0.7324155598334273,0.074270714964041,0.15508876006928385,0.5513500560762536,0.7211996209332552,0.2568768659769248,0.26309963172299267,0.5225581974199913,9
0.8491072089595181,0.160093648708587,0.5455576449357119,0.5710019081201955,0.830381051334013,0.4574088268579518,0.5270057431626016,0.5221902397233866,4
0.04530245661794452,0.183324456355755,0.2763255926005253,0.536340359796313,0.46599950065329965,0.19447443389617838,0.44652197099388935,0.34733009937515674,0
0.8041439075049728,0.0629395011402987,0.18951439599299236,0.49152668940435534,0.9073840146218091,0.2113118286097697,0.5411148695309322,0.3128696751027386,8
0.7901918509960384,0.14759780006064213,0.09541714035806453,0.6478583970966822,0.4135413019926495,0.287723324486614,0.6710674840305431,0.2516375873547424,9
0.11038346333873039,0.16624628082794035,0.34758604279386746,0.21785638051096978,0.7063767651163578,0.23740701879696535,0.43438733457993145,0.3952715540957638,8
0.096399311092981,0.25798851467546874,0.29657407388927454,0.36385868208398564,0.4006624473931062,0.28835747763735675,0.438655800767358,0.3366335088176439,9
0.2269314174790023,0.26448634563447004,0.8679660217288895,0.2902364475921231,0.8783044432305576,0.41097439217167386,0.592234102303765,0.6382507479052528,7
0.8570724188754533,0.22736327013089455,0.19853545027228015,0.35503642061601937,0.7527471652392052,0.2988713601658334,0.24097346225440014,0.3224386342904607,9
0.11513322415247862,0.235714795520186,0.33101926777877666,0.23139284554912865,0.7311719306776356,0.24795148635351016,0.43146753885417877,0.4049847428510164,9
0.8627456502564488,0.24880899577760973,0.1481124982805939,0.6103301405961198,0.262802062042566,0.30230908946272844,0.2547149860084655,0.11381335059716302,9
0.08063977098167208,0.48785766961414256,0.1911108877529536,0.5164218941097289,0.315623551337356,0.3071960201572054,0.4357842714595901,0.3200224184266751,6
0.6506588270558425,0.17215093858519115,0.9458602007327706,0.8268013372690313,0.5373350918268055,0.7637972834180167,0.11054725450385317,0.24441288176306483,7
0.8049155207142964,0.3442104601974797,0.168443011671491,0.270260004841273,0.38376688215317073,0.3970558678567778,0.28679236959993926,0.5633720099256259,4
0.8310555743496526,0.31904098483184384,0.11317180711197608,0.3583551986016619,0.2784585228109501,0.3893583098470984,0.19116208999970202,0.568698602623398,10
0.7782286423836093,0.1293841351834044,0.12225937461817424,0.4162238101067551,0.7671502483236434,0.2964577073045983,0.27778465599976904,0.6083280109852988,9
0.04225550612878842,0.15710009835695138,0.3494439552153876,0.5525069959378275,0.4847477008826155,0.5593953444579376,0.44707457234944514,0.31233448484228593,2
0.7932383170074999,0.219459175856207,0.08873032118366753,0.4755042015639785,0.5500037439732226,0.33721753704797724,0.49246687944848405,0.47821789904683615,5
0.6960749624172446,0.17008903753135318,0.09961538146334226,0.7171159494015006,0.45277392251104803,0.26505605140730226,0.48282315034463474,0.4354292655307863,9
0.8764958232595952,0.3266256834322769,0.12664281640201297,0.3123299786827507,0.4259657405419229,0.35916567713549336,0.48544700813071623,0.46417568611465454,10
0.7290425569127428,0.15748505471409047,0.13237490852284675,0.4039272558118213,0.8890066295213734,0.2516000795308864,0.6461670138713317,0.6782598241417213,5
0.05382982803528241,0.1422061472182281,0.29797747804093305,0.4794049081377678,0.42316639134158274,0.21368312578937707,0.44182961703561163,0.3337059941187299,0
0.8343625385458929,0.06633680188979427,0.06225604009139468,0.6973165096379029,0.6251813574757268,0.20288441599575163,0.6101566333041427,0.2730660198123028,5
0.1440255880316105,0.3883119268679428,0.29467771046666646,0.16867286749754173,0.4865489388278237,0.3328386733968831,0.42531569298235716,0.3279509934823491,5
0.1336944443736174,0.3511845919750765,0.2905195462117278,0.2475564500860689,0.14940906306010726,0.3468539831562915,0.43666026740807046,0.27877951429966447,9
0.7941172429780845,0.2905569189083878,0.2102666043365002,0.47466915334576487,0.29330974647034946,0.7158991217488933,0.4706527931759509,0.40459019801661494,10
0.8177619077453984,0.25060840877396007,0.25815508696217043,0.35862621140708684,0.7857674863310476,0.6767247582062486,0.7727357940379442,0.26543506058779043,9
0.025201154113308477,0.7469991226741987,0.04818437498737538,0.8433186909655832,0.5818426806723818,0.28048631973889804,0.43991923984617115,0.38389414891345613,6
0.6630615972311047,0.20708803265383527,0.886295269826572,0.6323010855746529,0.6697478978159503,0.37049076125716607,0.004947300890451645,0.39570554287280857,7
0.8838555947643243,0.290344433978114,0.11773014932402223,0.4545888944477081,0.20992361506462054,0.31098672376204933,0.3804380238601165,0.32083340758099527,3
0.03710436541346579,0.17945709435723495,0.33879211523943065,0.5824713498879621,0.5101261045975201,0.5625489373816855,0.44736017773490916,0.31591099649314086,4
0.03864117610094875,0.1704497242802686,0.3432079585375775,0.5687827949591484,0.5004426354095761,0.5641274845209447,0.44632995393010616,0.31174359212206126,2
0.11295016186489443,0.6036232397277514,0.18096369818485444,0.44023412741473006,0.6580182751924726,0.3054624467908571,0.44174736755588756,0.4308438754919038,6
0.06871420223789004,0.8085556997298207,0.07371080017020415,0.6965783025987273,0.8752063300011672,0.2768464469213059,0.4428870883406722,0.4731713289783463,6
0.865058480442182,0.4111619698747051,0.44496049456849046,0.39377075584548676,0.42812318515295594,0.24320268088005662,0.860014892995874,0.5537250593432248,0
0.15694876711008798,0.26700315969583155,0.3547557689597274,0.057414356569065794,0.764070168701579,0.2874675057727402,0.42974801508184307,0.4084660262447672,9
0.03412456615655757,0.13334875566992804,0.3540436186684053,0.5982129986547069,0.4599714229051396,0.6167294195892259,0.44269051998177983,0.5099182213039131,2
0.17178577717258794,0.4935667685507355,0.2873819481388009,0.07933530705425246,0.5396600390313504,0.3019512265421708,0.4451660670467506,0.3687366789119223,5
0.05125348866531265,0.15356738973019765,0.29136547754916203,0.4934221088235952,0.4347966344867701,0.2159279507251838,0.44160026999333335,0.3360723120103375,5
0.03650483568068136,0.7320904813651508,0.05943618821148833,0.8297666408483506,0.559921818820383,0.27722806996666893,0.4483349866878194,0.41238242011947923,6
0.8388292001668518,0.21746390830399878,0.1989284201038007,0.45483670121947317,0.7220526152304103,0.6609718203038453,0.8337771260880504,0.30124577296362515,2
0.028467063463309517,0.21949136346926396,0.31702011511384487,0.6332515956634955,0.5511310631005006,0.5592079636092344,0.44816715571863586,0.32624707051367685,2
0.029376200197732016,0.16469326681947474,0.3330393443930807,0.667093575641286,0.48321748519727253,0.6161643230250438,0.449003916158801,0.6177147319868761,2
0.6537400064075972,0.23394069927729325,0.80012684170532,0.7793742280370104,0.2569136874768566,0.011141979616700493,0.38087898008482873,0.30613692527150527,7
0.039029873050802744,0.13797879495977616,0.285314577137206,0.5586458580139813,0.4126676036297037,0.25994962482285117,0.43720241323041814,0.5690294360332928,1
0.5992552578786872,0.23299184383353716,0.7912158820858353,0.6616517364115654,0.2512037479608778,0.056863901650841986,0.467286472609483,0.43110397925001104,7
0.05847127938354307,0.09583080553313089,0.31711785469331877,0.4738474044310246,0.3711601265405869,0.2426174249509076,0.44532763475916937,0.47623201809789056,4
0.04796417301247252,0.13358358506647336,0.29809845484088393,0.46242174401609115,0.4167769382725246,0.2170720816613332,0.4337771415467511,0.304919155236428,4
0.8468578416385757,0.11229708919643064,0.18105765217084877,0.5103015588966735,0.9149976116095837,0.20973333412503226,0.36095567707419784,0.26522671315969765,5
0.1669005887803917,0.39942055841914936,0.30386010172143446,0.13128729586282223,0.26705388693189736,0.38037260654031835,0.43025428965844875,0.30579785015444694,9
0.26072131586656955,0.42957507655361216,0.8300290471941233,0.28239791872437914,0.44923360829226583,0.5150116049072073,0.5930889445039165,0.5603112185422253,7
0.07376411798239257,0.5332109226999244,0.1710782293754632,0.5761764437114347,0.368951421885998,0.31336405820412444,0.43823782109984105,0.33246236016365277,6
0.7123955027548576,0.22624246995094677,0.5247948145589758,0.6057376668415607,0.32709572784188445,0.11737285351783056,0.5707133533812678,0.7045747364815114,4
0.18185204993743834,0.22987618047703895,0.33482823045511717,0.3712541184842857,0.4802551855837426,0.2444761224369515,0.5223607075315756,0.4676209035756642,1
0.034897457179336955,0.22957988163572052,0.2496342335655991,0.5885879628424366,0.5138787174077144,0.2057371662707002,0.4424417733610885,0.35257992680256944,3
0.7272380110287133,0.09180201715216099,0.1302087172230267,0.5293648563600374,0.6040429889427905,0.28619673763403364,0.5078695306035795,0.5043857179396766,1
0.045702199157583445,0.0954052660188558,0.30705199308172054,0.5176218235561957,0.3688148536601059,0.27280887813644294,0.4356558042020442,0.5923500892396978,8
0.044705037213230325,0.1493167322675944,0.2892600408800383,0.48231169515487776,0.4323867924550143,0.2146998970271314,0.4342171854048021,0.3097399849595952,0
0.7315734617627003,0.3293816040368134,0.9999999999999999,0.5357543108179175,0.8317570012930935,0.43888569918361564,0.2925808391219422,0.16084110134811624,7
0.62316800452529,0.31020915524940523,0.9356488384537259,0.6200791685310316,0.6929944917888833,0.4558155146487959,0.2043798018189619,0.44199191726974224,7
0.7829124690413745,0.11850094812999104,0.5279749127316213,0.633041638439009,0.6621404260073686,0.09621362573708386,0.8700173293252936,0.4809141215132464,4
0.09827865847330819,0.4017830073949177,0.30866842201380923,0.4677371301370441,0.2802884502628422,0.6752643453771107,0.44547809700735885,0.2905764775030698,6
0.034801351915979994,0.13810822237287035,0.35363432599044964,0.5839494114996737,0.46685879747884923,0.6072135594673669,0.44180548305927014,0.45258014684216763,0
0.10651268625758964,0.17622367233734654,0.3399677641100741,0.23811249165970738,0.6182457338354064,0.23785335265616278,0.43776809653344434,0.3773782083891114,10
0.8982658223568335,0.32832578381534816,0.18348334996049298,0.40060460097081624,0.2860677419089721,0.35664709667455663,0.4591234976160778,0.4445691621993067,10
0.03033510716390414,0.18823433722285082,0.33175787855731376,0.6243540175577781,0.519948778846934,0.5912667739510244,0.4457490615941348,0.40161970638212235,0
0.05945598035060856,0.14385330510165312,0.3091175238414615,0.3845366792353625,0.4846347309706644,0.22992720057270782,0.4261073546325953,0.30194215541603997,8
0.7913234922010727,0.07715683015028202,0.15264307397707363,0.48909744232824,0.8213604146628908,0.21542954592858465,0.5987513056032138,0.41568918767671487,4
0.9585038126673309,0.29682884703307866,0.1751920360276081,0.5306076613959843,0.17897113431628786,0.30550050116335226,0.3679265392175486,0.26904395464432174,10
0.8696627770776263,0.32009730557963045,0.11251693149691344,0.42956046752050503,0.2963456255094823,0.35891631521416123,0.25543189867048055,0.41626999670733805,10
0.08074675983444324,0.14199000491634356,0.32516462488173203,0.3543675999234127,0.5145544514084811,0.23073829452104735,0.4382144220040365,0.35467813743810084,8
0.034450898059618706,0.10789832731975438,0.29452313446958595,0.5336694635673087,0.38291404343011215,0.27357320712801597,0.4281115563986646,0.5877687378238634,1
0.7458784873673073,0.07125986355626845,0.1721883476462443,0.49530131625504004,0.8032558207004874,0.25014794957477554,0.18255292688399344,0.5486405867584934,8
0.7871312075345047,0.4226217272956121,0.8889595168511458,0.45293177047628186,0.6599578741414707,0.12399013629823519,0.2534338696139941,0.10198835562795189,7
0.11146344215222864,0.2292219712520297,0.32148643553486256,0.25793255122679076,0.49719761288152586,0.2763296601667832,0.43386080513837344,0.3473512080958304,9
0.03668993117322322,0.17947014486299323,0.33868976065143785,0.5810564859603258,0.510199588187459,0.5623756329593734,0.44692324949305967,0.31406675616103097,2
0.028187954687331485,0.21950015255012645,0.3169511825636095,0.6322987281336901,0.5511805520354917,0.5590912483726626,0.447872898156192,0.32500503179197404,2
0.019577402960037238,0.06860986412116046,0.23988208475558498,0.4584729304801919,0.3343344633056174,0.224648088722825,0.4438419617726612,0.5389816521927229,3
0.04125498245522524,0.12010617747744742,0.29569136831846826,0.5150011831748064,0.39744947316187174,0.25428064434136555,0.43284631638495585,0.4990229117791825,3
0.11107801852850141,0.5967893175205565,0.18726970519411884,0.4301482254969772,0.6624129746525685,0.32015490760648235,0.43685183399962374,0.40637497867637035,6
0.09936701846672613,0.2303731596757233,0.30786692198898086,0.3240625549042383,0.3850505639362654,0.28471310376080744,0.4351303639731643,0.3233224252223824,9
0.03877936247845393,0.9193721049057648,0.010775313510654472,0.8313581963271013,0.9917641535591446,0.25684866905095627,0.4382463744122457,0.47877771747895786,6
0.046095364462681976,0.691543493481471,0.08118055518466846,0.7790876682564407,0.5152909055795314,0.2775758052127728,0.44902510129043455,0.4085093605711056,6
0.7215845696538223,0.14879949937758685,0.11656567406241652,0.7151704869861668,0.655668518445305,0.23682657433701476,0.4080633805509999,0.40001206384623433,5
0.040041579084498125,0.11953021444927028,0.2933074196301437,0.5350913569684705,0.39351549267085084,0.26206857726032695,0.43432641387357585,0.5603702350897326,1
0.8184576246935386,0.35868844492598256,0.16433672735571822,0.18604154991890437,0.5157225539605709,0.4031356034039804,0.6190452106214475,0.5401962858407783,10
0.05844039578460675,0.1021199600932243,0.3184689556333491,0.4335140982099087,0.37436060278593547,0.21924018838937848,0.44445269880851807,0.3935380982332735,3
0.8090674647697658,0.3179899866020645,0.14961411473982708,0.5269535224302907,0.13357604388397548,0.34361126117120677,0.0,0.42593698796237817,10
0.8166169980773101,0.3196804072918347,0.13809109128032893,0.3751646953612525,0.26579439606282645,0.38297900813438246,0.2621398853856163,0.506379323985166,8
0.05125348866531265,0.15356738973019765,0.29136547754916203,0.4934221088235952,0.4347966344867701,0.2159279507251838,0.44160026999333335,0.3360723120103375,1
0.7941798446283523,0.40419951639542573,0.1121551605129805,0.269010640220731,0.5116462536951406,0.39441367512938097,0.49448870480993085,0.6561202614313758,10
0.032659558609281714,0.163826998693756,0.33958604101465334,0.6273835616299392,0.4892213644871558,0.6014423010693271,0.44737084102687785,0.49829370946902374,2
0.03764823418456148,0.13506218671113046,0.2852328532463792,0.5677407852755451,0.40904546094618777,0.2690480278178937,0.4366007139137976,0.6038821345320542,4
0.825913669555316,0.33307935063488686,0.14775256104732656,0.3211444790952137,0.355260419523297,0.3824376245776145,0.3579108125138286,0.4979990689876018,10
0.6504401695053068,0.037055456529487746,0.1412266012970244,0.6051718003332729,0.5413359445054978,0.2756987143574491,0.535051876983634,0.5644348993977164,8
0.04732833915860862,0.11014884378412984,0.3706221375833159,0.5174169095565668,0.4352568823260865,0.5775099579398003,0.4442433299018688,0.36808904640248385,2
0.8763634834829145,0.11160966241291836,0.4333803056960682,0.7585000193508634,0.6835109562528889,0.047604610615097964,0.5605401085789405,0.37601871296473977,4
0.1467766361708684,0.2345320554547863,0.424025497565126,0.12546320939492306,0.8244876661126098,0.6199795431704136,0.4397645036129891,0.4002607599805895,9
0.0552699384653626,0.11333502506254695,0.30847167975239387,0.49095540090835255,0.39066113117770584,0.24436160501011817,0.4425244515538129,0.46113896621869777,3
0.8984961961713457,0.3012616559121754,0.12443138503245357,0.4458603573551555,0.31078732963360267,0.33162312861814813,0.5042615690380423,0.25194057722584456,10
0.8160216956281577,0.08064488214815649,0.11992162716338006,0.736943166095891,0.7883447616402941,0.1454238267564405,0.42600785370679967,0.2315312605332921,1
0.9227871862013448,0.20693372130150597,0.49649650280834146,0.5095968504442983,0.6291840811355789,0.06167137658028271,0.4971181158426774,0.5064052886484816,4
0.9173593786508435,0.3435178816787475,0.44973105597147356,0.5412636598524949,0.20751567837729995,0.19235807552019313,0.67736407829778,0.3753026940177588,10
0.8796438786743588,0.4348364474127468,0.4379965938271869,0.36028781843547897,0.5140323957475891,0.2310778079074629,0.7479398367954171,0.6197755093358642,0
0.7180847040132254,0.07138146804329773,0.2017199253217397,0.46836685380593923,0.8087521684574484,0.2524408863922811,0.38794993264878336,0.5041414825927699,8
0.7154890926800292,0.06628838943866877,0.2022130423692812,0.6334026465527511,0.5879109666451754,0.6184208842401993,0.28374730520351293,0.5138469470339034,5
0.04852944921781199,0.12192778217444028,0.30085022046255655,0.5035438278634816,0.4005278426987219,0.24683529978317406,0.43812868414895056,0.4647123002271157,1
0.03329887736485937,0.18503447603767548,0.26457509614954716,0.5666815055766293,0.4645779206720477,0.22687514423079247,0.4359971886896629,0.4341433087387652,0
0.06261019308597626,0.8078705386736365,0.07108788777939895,0.6906874875823683,0.8755706763338091,0.2689906856509815,0.4366297165561681,0.4528624270386567,6
0.035567150592948515,0.11057907219664218,0.3611533396862313,0.6116485242823679,0.43132161033528355,0.6377015665517323,0.4441134359946622,0.6297939321689731,5
0.24419763669615965,0.41368326040752856,0.817386611056585,0.35931079140117617,0.3311168031687758,0.506480617745243,0.5952370432546674,0.5380574669352318,7
0.8084435836988326,0.034654984832046265,0.15109111562785982,0.633939910690721,0.7321468389390723,0.19794645326068727,0.4018648953819894,0.2819380553789199,8
0.7613909078550471,0.12859897680907229,0.5229880080617582,0.6021865409733927,0.5766986001165326,0.08790530203318347,0.625647100320315,0.6470337268623574,4
0.05169678290328705,0.08533789737009034,0.31545333816917825,0.486948941946985,0.3595514959070987,0.26454759939460926,0.4362311902433741,0.535801744098279,3
0.7246406606429666,0.3491785734213371,0.8627251499098704,0.6706071354594189,0.5566608913974815,0.44896324660344433,0.28261575659467275,0.09893318613631369,7
0.8355090324674802,0.35568156706656506,0.5183355052426284,0.4378626269636072,0.5287401785210261,0.6069225909137526,0.7581666335578351,0.5317102628790555,0
0.7354560073213807,0.06467981311497495,0.17159139377658864,0.48288020011874294,0.7805325316695844,0.2566388205224935,0.18867349909316555,0.5775376133673823,8
0.04317806634698251,0.18110048197372608,0.34149612962449516,0.5887046248426027,0.5093484588570693,0.5592939247729249,0.4542646000598327,0.33858406372288413,2
0.12460259448727454,0.30892969809405363,0.3124029281635578,0.21681089166399747,0.8204700726836351,0.22474473840270376,0.4428258652093882,0.4321127554767962,9
0.05526331156455566,0.11248233788721151,0.311423051129439,0.4379542223347901,0.39442652476686424,0.21995458391030853,0.43616281728046447,0.30909597014016177,3
0.7514721062548592,0.35500451530279964,0.10205573352247213,0.5956836812838385,0.15651005475738067,0.3677815294707505,0.7620565792471989,0.324917165991244,5
0.021748917667486878,0.1537759539734535,0.33515750388298904,0.6477902981146596,0.478220269000355,0.6206845557261336,0.43903710873856105,0.5755158010775641,2
0.02519197100818743,0.15251405185737846,0.33585702010114715,0.6647263304598685,0.4724894685106356,0.6292602673003591,0.44390540189313454,0.6417870569199083,2
0.05892240303428181,0.08878144241658778,0.31964734017825613,0.4705946457652106,0.3624034553552782,0.23152742072862206,0.4550253998746877,0.5117544203080222,1
0.05388485156878958,0.10173605262210245,0.3770221982432028,0.5322629797057438,0.4211057296271232,0.5857310048717321,0.4530676200152761,0.45667018798072645,3
0.5752914793470784,0.3351830733576937,0.8514232628910703,0.6193086243083077,0.35119830254193174,0.5348007875122033,0.47319700426842337,0.39117116694457205,7
0.029824911128612352,0.21585739751834584,0.24794356168417517,0.6200726913292873,0.4923736412012424,0.2302388903661895,0.4411741039820436,0.4891449938494111,3
0.795153752855561,0.3226165407320115,0.17369704804500113,0.38210298074152244,0.26707893979677777,0.3736174692044208,0.4473561509993858,0.4110819469696105,10
0.8339076341817373,0.22214515301383003,0.10116430181671332,0.4794220986755832,0.6564137796213547,0.2989002760604365,0.834646898377156,0.34074993675534115,5
0.8173900294962626,0.2817483559860879,0.1283730774264341,0.3594199545321749,0.532367207402443,0.3586935466140898,0.5049971681539814,0.42179091316548045,4
0.08969939066909544,0.46811127213234494,0.20902400874232172,0.4953163337497512,0.303513376644995,0.3242370934460183,0.4386714664012258,0.32080715053066367,6
0.6618611426495662,0.15270751228524554,0.9493660698189883,0.7604416461275527,0.7457969651846614,0.3489952373851533,0.311854189104965,0.16475287258738472,7
0.050282965903069965,0.14816410068372043,0.2936284787099727,0.48506287792741465,0.4310930938045827,0.2179116371094537,0.43922107724544146,0.3261034478649013,1
0.8196629911029945,0.20697639332297782,0.05110333919226223,0.411340048419073,0.6425680953722093,0.3496742652447393,0.48491940722201143,0.571134277444676,9
0.8530376918961546,0.2318275781955046,0.06950776133694603,0.347304418658763,0.7511438152786085,0.3427416896400959,0.5605488689284581,0.5093338970537596,5
0.04009294303524413,0.11501168416348376,0.36308076527566724,0.600765346369768,0.43604735054442056,0.6237976839882865,0.4507147752324082,0.5985900656170382,2
0.05661507231047391,0.11913634955617147,0.3095373681136387,0.4487121703283168,0.4007554049317579,0.2193997317312923,0.4391289419029269,0.3200391598971164,0
0.04482854840857159,0.6822257543833636,0.08952070027209308,0.7657920222178962,0.5186289013430007,0.2955897985879245,0.443744488564902,0.38184610824747683,6
0.13161027066842895,0.23830019982778838,0.3395864926207115,0.16722487643284012,0.6418785004071272,0.2766176094521391,0.4323399141399489,0.3825866531340622,9
0.8367676808598722,0.12430941387699573,0.12409653905752238,0.6993460974677598,0.43836152889669594,0.2411997156171145,0.27531393870681353,0.1860839730829531,4
0.7740024634696396,0.3472835076385687,0.49268189953995245,0.562636128168532,0.029467503666925743,0.2409450662451168,0.737938824322298,0.5170087505441394,4
0.7798065330716166,0.1567535191244364,0.14815428677060755,0.6319603599007145,0.6366731759592008,0.2309993828326905,0.6255378137974884,0.23163944282599488,9
0.04524390949303797,0.15921597299568382,0.3544451146340941,0.5472148507888632,0.4916863447541424,0.5671235137896787,0.4484221477530643,0.2869335514292295,2
0.05469148264987239,0.12242617003024645,0.30712474329872286,0.45174174298414704,0.40483677178529703,0.22016661305688126,0.43775034714563543,0.3161528383908276,4
0.04597790801256085,0.10421297203251409,0.3067233634897836,0.4705349645116878,0.38360743377633744,0.24298945714380993,0.4311391422086099,0.42289674208697337,3
0.8741344099680994,0.13668831030472745,0.5637908645707564,0.747167100845545,0.5704783847624787,0.39448930509292435,0.4052230193997507,0.2749134878324905,4
0.232092925386563,0.3763663126866214,0.8160112885755826,0.405731548459156,0.19960614989825082,0.5079682841083885,0.5966386450235717,0.508209028216691,7
0.04509570017310999,0.17951595212540056,0.277386962239633,0.5255601697908384,0.4628693110086571,0.21303632052788246,0.441151307724852,0.33877003085893803,1
0.8079256972282227,0.31045345537917124,0.4955358673361667,0.6878085905979702,0.21494974455363053,0.5743468498670204,0.704000709603707,0.3956734520188714,3
0.04653194247063924,0.12266932604450284,0.2982359963746135,0.5127375116166173,0.3994714618940224,0.2502205317648071,0.4374934663653236,0.4897288812073645,1
0.04446003945097904,0.1350721141407363,0.292142043803258,0.5276648062044466,0.4128860001598383,0.2485527698838459,0.43816516775435715,0.48988787564945724,0
0.08665275292137992,0.14710963760653722,0.3953457335696867,0.3653763305486294,0.525845547774456,0.5789051621111385,0.44960192833738255,0.33771666414660695,10
0.040560156766924205,0.14143511891492622,0.28674129782938995,0.5322306126599123,0.4191787396561449,0.24506570088952845,0.43578563817609367,0.47976283316739754,4
0.7968053817539831,0.17134713439196844,0.5081005696064267,0.715643010534494,0.2791124088373988,0.07112508412901741,0.8235752964263067,0.39546484112205066,4
0.08620153560470045,0.7118744261521925,0.4698768847117991,0.793054447914375,0.48005619159398266,0.14668068930536815,0.5153040042654082,0.47526992592308315,7
0.6938686162543717,0.12143802933376693,0.10606416963784016,0.7950449259175609,0.5365389092347729,0.23747855420476427,0.7556795635744109,0.2822475841693798,5
0.04571327188518637,0.16102078192900832,0.2848564138142566,0.5059356018663391,0.44334919726673844,0.21612698930692506,0.4387667059382715,0.3413420132683718,4
0.8408815906159108,0.31765893746804136,0.11272773120064078,0.3910276375704607,0.2674649481774017,0.37650709319351156,0.18673554382347568,0.522286277983917,8
0.13235024013930094,0.4718443037211485,0.2538494901352583,0.26852697741628606,0.5382653898160942,0.335815889896361,0.4288735916163107,0.35377418764034774,6
0.11067633938553761,0.21970880873336576,0.3285348030091524,0.24578923763318203,0.6188105603921774,0.2587510085149964,0.4370113086795031,0.3775615352355972,9
0.12342313153017917,0.5102052655425477,0.22822653519211902,0.3161396596611377,0.5681439509181895,0.3182815922237498,0.4303782286774578,0.37195370612238965,6
0.7782870740262531,0.048195894948813156,0.07200106458086977,0.5042185200099196,0.8026158673637236,0.26449166056699647,0.6745448718380158,0.5450701241021614,8
0.01803310132961561,0.8304936584347684,0.01169120609998714,0.9532511762332844,0.663432179359758,0.2528768732238825,0.45114854801646886,0.44233075785697007,6
0.7904681396825137,0.026563470343328927,0.21402528346292957,0.6607166272959788,0.7584179378816226,0.5539798311317045,0.5942868420388174,0.26686484803778643,9
0.03930674769811582,0.14276168224486618,0.28710681106954716,0.5134892107793387,0.42363267969816604,0.2285495014374641,0.43372849377892037,0.4133601653480563,1
0.15666094748939333,0.3504892159677085,0.3882594166354919,0.1278797282229429,0.5159132755285133,0.6816297176606667,0.4376883179886337,0.3178722582919046,5
0.7872550220025606,0.3194126284016633,0.12589190420365376,0.3634221587717352,0.26062878041924853,0.3974889946283172,0.6161062594877491,0.4925402335650992,3
0.11607762071957356,0.23358557300252847,0.39016980379638977,0.2702516567882324,0.49867986212105786,0.6311660219281832,0.4407984903691864,0.31946548330351154,9
0.05186836407744699,0.12246146705923383,0.3044819007041075,0.4679069571597421,0.40342943479883164,0.22635978135149842,0.43705704460043127,0.36200721468769426,0
0.04318451630279524,0.17958973306651269,0.34322508003279806,0.5758989602632414,0.5099210177370903,0.5626623237765558,0.451658525470655,0.30596687242978476,0
0.05990110662461107,0.6212290766405947,0.12123068648617039,0.6902239310160915,0.44792593414802645,0.28962056604808356,0.4463075389174124,0.38224612570676303,6
0.04427495703453199,0.18255952347770726,0.27547353067946034,0.5294750338251194,0.4663953821823525,0.21341254044412555,0.44118755664963394,0.3386498094681666,8
0.8172639441630893,0.13355453501356873,0.1615207888257854,0.4199361411005666,0.7924560013793628,0.2528419048080023,0.3363252381380908,0.4893548196527617,5
0.08387122977612466,0.6673202091211228,0.1391631933508769,0.5106692415744077,0.7338646813234506,0.304014559169315,0.4268077299229422,0.3878546974041999,6
0.026290317836427324,0.17669733897343054,0.2598662559164712,0.607183754254904,0.45026458792043983,0.25371996059261537,0.4340625182263843,0.5757091302979583,1
0.7217819714008639,0.052055488200096506,0.18583816089651536,0.5555696763911726,0.7126418137850627,0.23902483147594333,0.412104345529891,0.4350930492368522,8
0.7577065086359766,0.18028665225510287,0.4870603740399797,0.6082253389308516,0.2669193498659626,0.06632577232804526,0.7278297416785541,0.7582939279057501,4
0.768146594689178,0.06659738588020331,0.09709188250456385,0.707241334295293,0.5124009039187984,0.2385842014231968,0.08188498980655784,0.45596036726697625,5
0.05880589498058936,0.12107599585591083,0.3766288933223793,0.49279493608041386,0.4314323316217627,0.5750340596403022,0.4499027923881412,0.3156139851766975,8
0.8060200987869144,0.0855684510763953,0.11881657450787919,0.5116432614226164,0.7757972172438071,0.24992241121646747,0.8164920366262489,0.3270661857550835,9
0.018342561392228063,0.07851849259127158,0.23580756536209269,0.4651752522436348,0.3426942237020437,0.21730435051708769,0.44435201724664375,0.5359300969736713,4
0.06412689822324735,0.12127207279361094,0.3144586153964087,0.4309336441899557,0.3898373724308995,0.22718685447946504,0.44061335739173135,0.3295704958536054,8
0.7598964325450615,0.08141827276728092,0.19122984061560483,0.4033819579869977,0.9344756112273593,0.2498646706907179,0.45071533212747533,0.5005474087261125,8
0.7577487388266999,0.07835983757178189,0.12946474434269656,0.638161202180536,0.5593106426841762,0.25076749211977184,0.006511161515777963,0.4975985881381703,5
0.037635196544806626,0.7216867498119099,0.06691023305347982,0.8164163943199302,0.555027481121225,0.285361912447163,0.4463832090255206,0.400147045683089,6
0.8206093318731144,0.1921187755903589,0.13944943756399583,0.4363331323318349,0.6316851343210346,0.6954300607748944,0.4554320292315546,0.5381195358179134,5
0.0374913063137548,0.1069563417083487,0.29548355771840806,0.568921730864468,0.37725325445900054,0.2707055951486062,0.4380356293381942,0.6904335249550587,3
0.07108633097928724,0.5475917620235153,0.16246173513904918,0.594261572686071,0.38154223553155736,0.30972107404529187,0.4390190052599287,0.3395206766080373,6
0.7471050308455751,0.20157274221808075,0.1131843948860464,0.544415477368798,0.3773881922459412,0.34301294236853336,0.6899768387829514,0.359147592854791,9
0.09310537484642106,0.1619687503129307,0.3321582883797062,0.29503948757979354,0.6195827272749835,0.23122840914452208,0.4356754859100519,0.3740296264779341,8
0.6840309896752299,0.24735874351345258,0.832003452119093,0.7107069228343836,0.547975657599016,0.02287711461138081,0.06741808628147233,0.2583060085495803,7
0.05689831787874339,0.11056571407337984,0.31205636691273725,0.4578605195909269,0.3898882294167315,0.23093267268030596,0.4397527824722078,0.3766797166041778,4
0.8490096931127795,0.35901277278369503,0.22623817486829,0.285048926795608,0.4455171533740977,0.3675349977857577,0.6483947907127665,0.4093711597140549,1
0.5936098832383323,0.24087668616666152,0.8456467478954273,0.6443094261916573,0.46855091157341733,0.46681311233031586,0.6785417900118067,0.29050568420417017,7
0.03674436214311538,0.09374943292506743,0.36679641940882224,0.60464580431128,0.41112343745614405,0.641516471983185,0.4435588856112511,0.6693942444539585,2
0.13938207305795722,0.3940241003962006,0.28706391562194294,0.2165483572292366,0.4590423160144559,0.3321331824567223,0.43272602138454525,0.3416858867369149,5
0.13169862809323074,0.3627032990650771,0.2841513545856251,0.24549225840000535,0.13155440941242108,0.36610462065047866,0.4262460899671285,0.25204276402674686,10
0.041843011373978056,0.1773103522678074,0.2750744661648281,0.5201310353112488,0.4588164715113655,0.20947310781253464,0.43814639874844347,0.3290492314114967,1
0.8246743619178447,0.3415910504563864,0.10773335538043494,0.2776844282807257,0.4202882501141417,0.39969290373559185,0.7114456500615158,0.5277935522053406,10
0.8415396854792593,0.2385743290336347,0.19721045931884784,0.339389099313557,0.736452096843665,0.31254591486603633,0.3758139180384344,0.32316274080802615,1
0.05302888253528604,0.14491735751179619,0.2967403866941478,0.4823358035716105,0.4267796189338366,0.21785148374407298,0.44104097555732646,0.3326473040934642,4
0.045875066301669654,0.11790218016069443,0.29994001282811517,0.5015339888209928,0.39494245513850834,0.24583597053935347,0.4357192620490994,0.47094388779084484,0
0.7834316096866354,0.039585721709814975,0.23391248111173182,0.5886960415308333,0.8055341290992384,0.5688051286653368,0.1630071423092591,0.43581523776460285,8
0.8469254102030542,0.3034650915816204,0.1805549301800153,0.41822609399797916,0.32731330170922845,0.721325383943821,0.32147604137340374,0.47391377600521545,10
0.7722842731711443,0.10143836280383656,0.5258616447116358,0.7245368338259947,0.46261828876566624,0.1011275346846868,0.1898073783897246,0.6461194021180257,4
0.05182438240309928,0.14985635444021456,0.2938320260127467,0.48886767602720405,0.43225622012207454,0.21723496609934945,0.44130063051788365,0.33319702508135884,3
0.8791859507785094,0.3641821432372402,0.4540299887171525,0.4981523482935451,0.24627641364513334,0.21708249570797308,0.5666952713668593,0.49143334767081115,0
0.026291726933549864,0.22971504441465737,0.312681216325624,0.6542646450635407,0.5634697075525541,0.5729864915599281,0.4484967393852851,0.3487892357484186,2
0.7348272190792108,0.04304500332455846,0.13385098192126899,0.6191412036017968,0.6661014342423999,0.2357390175144655,0.5809437685458079,0.4067785959243028,8
0.028896815474257376,0.17534612028278404,0.26461007777221984,0.6057386312543316,0.45236785632381354,0.23948852539271231,0.4387997971807574,0.5650410908955913,1
0.8532226244471302,0.34248226982320995,0.13794527804733742,0.3586156082960221,0.4249303956013006,0.3538512216361256,0.7311246536361655,0.33075676622629535,10
0.6252035229541499,0.25119502646458663,0.8705609916562954,0.7495060899399668,0.5626953816194274,0.06375083782455482,0.5782531486480218,0.15044265012653857,7
0.08240733194668781,0.1350488735132505,0.39702585584910155,0.3646837008742128,0.5882369879615256,0.5774834336853875,0.44339387418702114,0.33811867383436184,8
0.059651691827756814,0.09282203890923615,0.3200881625359472,0.4645107898242728,0.36543662124689535,0.23574767183678907,0.44896492146992,0.4815530651886495,1
0.060166154448277,0.08678526291233102,0.32256645066241757,0.45864907707629465,0.3558304192709505,0.2183516418680846,0.4614178003404309,0.5227484541925642,3
0.17303076059647038,0.38247223872597585,0.3228427345389397,0.06542428587997112,0.5771559085612732,0.34884503640605713,0.42816329534597347,0.36968681706828355,5
0.9959287915352699,0.3788271034559169,0.4564206531196505,0.39866593261052086,0.5019710363284499,0.18179225897603876,0.4031370771473747,0.419985510488496,10
0.05169678290328705,0.08533789737009034,0.31545333816917825,0.486948941946985,0.3595514959070987,0.26454759939460926,0.4362311902433741,0.535801744098279,1
0.6314221780762556,0.3503453093269038,0.7824875284802382,0.5821227255876856,0.21646375289529596,0.15795498298203522,0.2129663863536795,0.41580038507548894,7
0.037549769368445673,0.1231507790823464,0.2885195987896476,0.5649686766487649,0.3937434079726157,0.27253804650567703,0.4359638008705594,0.6372178446867731,0
0.8385319842623431,0.36904916512129515,0.5508200032431373,0.40601811696859347,0.45539206391149745,0.5902708438928833,0.7517710334991025,0.5732121552234369,4
0.037482412766140616,0.09056337688123384,0.30204508445610384,0.5340153772700619,0.3619428379483202,0.2850254865519872,0.4299026161432979,0.6504079041074682,0
0.22063261602557818,0.2661369412881735,0.7946114539840832,0.28509915707440336,0.7851203944587534,0.06265141700981913,0.5840709499107314,0.6405197129194642,7
0.15833840611302322,0.35384251237022546,0.32606897285670605,0.03239149344361203,0.5143527638150371,0.3245231355451456,0.4225648885682229,0.31411030714703037,5
0.03512003592181867,0.20627570169821902,0.2597171022212881,0.5665449437476432,0.4908592708974303,0.21009320098701095,0.43841592618091496,0.36330496867926965,1
0.6520381577947834,0.10371898098519822,0.158894835518951,0.5486270199426075,0.4859828921756744,0.30935623964532627,0.5582939377365398,0.5360591583367765,9
0.05566486699847839,0.13277089936156336,0.3028923596980239,0.46717290272426737,0.41362732540265446,0.21833635120892023,0.4412017269618694,0.33061368207940894,3
0.8868234345039351,0.48311394331534685,0.3927702102030298,0.40448215263430765,0.558796819758371,0.22996316611275225,0.8996828872443763,0.6356741545666658,0
0.771324493157854,0.07680121624685476,0.2609943248354148,0.49518416538992,0.95721362413061,0.584103514615326,0.2842547485324271,0.4625656036701907,8
0.8706039938954484,0.30137737974713474,0.12056946475529776,0.45016306316392096,0.24284355145265837,0.3484320490900532,0.25579314081244264,0.3750914691893348,10
0.017194777161807562,0.8305842040928264,0.0111588078250211,0.9528122752125818,0.6637815458457502,0.25274635406471585,0.45034280516684544,0.4395647385401702,6
0.039346303268634475,0.1401540167366101,0.2866358921883775,0.5278394223099622,0.41847882187998364,0.24509236848237453,0.43395896066408063,0.469919165337059,1
0.00380341215489588,0.2670678872307008,0.269474960693248,0.810128631397452,0.5804528642900236,0.5973422204120047,0.4502520736865577,0.691965377428991,0
0.8570988319935307,0.2988955911936059,0.09518965389993775,0.4478676579128455,0.195801848436312,0.3661543985903545,0.10884597443328597,0.4965473725252402,10
0.030096439634683836,0.20410006558035373,0.3235894759937531,0.6190220474920659,0.5342708425071505,0.5669182297910412,0.44642923026904374,0.34169672869484663,0
0.0810841493045944,0.5245252083449916,0.17961270347399416,0.5673696398206663,0.35509376901817613,0.30006671390244344,0.4435908326041487,0.3527872551911227,6
0.8247708883701071,0.34999246828224484,0.47260316199260727,0.54684447118162,0.09131807518972557,0.2287885912286085,0.3687864859445904,0.5612043192970335,0
0.7795656319172537,0.060412096598215004,0.18669892232738208,0.5091900473435897,0.832611209303046,0.22314438434515016,0.3158667221634436,0.4084969201135067,8
0.8847486795285963,0.32597151057672213,0.1716694154164074,0.3055882617455833,0.482818612752828,0.7333782381640738,0.13970648016850545,0.5939740008520316,10
0.7836506068626299,0.0911378331447566,0.5634542352693787,0.791671726041605,0.4895759520058272,0.05452053210779084,0.7697526277614524,0.29837668496858305,4
0.03896945801417134,0.7202452977878557,0.07175475230278805,0.813743136555086,0.5563596780360647,0.27971787657546643,0.4462342229532406,0.39994843959223464,6
0.050916572048586795,0.14542290664998658,0.2946575732926922,0.4901847473622727,0.4272508443916991,0.22223834189363614,0.4402096272651391,0.35127591913743395,5
0.9771547891974387,0.32158246706804583,0.12027711883870071,0.33653835810120447,0.454282825028772,0.3532100891201282,0.15640899368039457,0.5940343780763557,10
0.0375398772409567,0.1833940281269342,0.337755267068341,0.6267549660991675,0.5124065843077468,0.5900545432545738,0.4557912479049908,0.44059453239106017,2
0.800616979622833,0.2898624603614047,0.15115795533631832,0.4817501910387574,0.2516761758315813,0.33701397714495696,0.27354824822578994,0.31486464655542096,4
0.8001926863782296,0.11272461551065294,0.21375859627950164,0.43650859711792095,0.9284483923469978,0.6155133888605806,0.15659388369963162,0.5794064392114654,5
0.8101568519171853,0.06729683994843091,0.13526714468347742,0.635681441489274,0.6357716725266802,0.22256477150990195,0.5951697665457603,0.22277630782880947,9
0.8755969544729938,0.3062997197600591,0.12111489895494951,0.4478475622519011,0.25452383792435607,0.32822621554429315,0.3301782704998575,0.34731778527455237,4
0.13333287410962527,0.13393422770764213,0.9097978162212411,0.6618376182327508,0.35202920301537877,0.4089720457728672,0.6202216898354865,0.9770403138852761,7
0.06819932841564846,0.5723354216558378,0.14755775041358704,0.6269617335700028,0.399922211093494,0.2974398141296526,0.4429734624892991,0.36096698756620227,6
0.045298803798851706,0.1683531196183196,0.2813081113617454,0.5102863582825907,0.4500079394602253,0.2111007998818767,0.4395587916179259,0.3313174121099003,1
0.6740851474539511,0.2366549963231656,0.8432795577248395,0.7555528857417144,0.3158084495300698,0.010647367599147084,0.3457487203310376,0.25780847018731945,7
0.029273469296293486,0.11522514761832303,0.2952436246402996,0.4219190616000029,0.4050564626932435,0.21568766455919441,0.4111048516233147,0.22237697786122795,8
0.08264381765046669,0.48538338144653825,0.1959775854583537,0.5146361523940148,0.31873304028971994,0.3166852355115469,0.43621189224579654,0.31761275449370585,6
0.01879673152662331,0.07248271284965985,0.23720756310772095,0.4622033246928135,0.3382325419128754,0.22342928997856765,0.44298993292803623,0.5370545571104972,1
0.8172516330740205,0.24092611568190922,0.17060761193513455,0.5768873184847236,0.280130356574869,0.7051996352146753,0.18209831430044332,0.3581746501281104,2
0.060166154448277,0.08678526291233102,0.32256645066241757,0.45864907707629465,0.3558304192709505,0.2183516418680846,0.4614178003404309,0.5227484541925642,3
0.7042950181568545,0.010954506726020302,0.2121143080379258,0.7487545917653367,0.5518775992569178,0.5737213067202095,0.5152416655335006,0.3570223625685946,8
0.8005048593255922,0.07754822684461754,0.15799951690160854,0.45659924011707365,0.9302523814221663,0.23469080725209218,0.353721248503088,0.47454157250025253,8
0.1317742005800464,0.3083558238376617,0.30573100168340417,0.23667162996453084,0.2857993325920013,0.32939661724964514,0.434644031915719,0.30983245356666367,9
0.07798263454914606,0.5362720358290408,0.16855303669623128,0.5824374807024153,0.36138102151040985,0.30082720733918494,0.44418880496863716,0.3598297428242496,6
0.15172651543678345,0.3225468856961759,0.779982227827412,0.6711853570967644,0.6326538439509144,0.3924533860820666,0.5975595876303228,0.588969748005019,7
0.8184576246935386,0.35868844492598256,0.16433672735571822,0.18604154991890437,0.5157225539605709,0.4031356034039804,0.6190452106214475,0.5401962858407783,10
0.05489735301126086,0.13656175051378658,0.3009025014555671,0.47240691956689274,0.4175283854317395,0.21635087608698622,0.44164853903341994,0.33195356683674115,4
0.7414708352157979,0.06595795974073343,0.08102091638127659,0.6706368806702891,0.5489811893489119,0.25525405931869755,0.8602575338497838,0.3442530601143591,5
0.7481678084658359,0.09343270619145261,0.6238791787165601,0.8072234877978144,0.3763515846403448,0.40818073362377677,0.3461090512059632,0.5875657517120183,4
0.040731018533818164,0.12311532261731473,0.2929697103705291,0.5472369823195602,0.39779426917348415,0.26821812710844545,0.43598073078820626,0.5849647681321379,3
0.6020793714558594,0.19284246014557616,0.9502643686570128,0.8177776958375405,0.5391170792440121,0.3988773989455425,0.6078268661995291,0.15272353018726442,7
0.8696313405730436,0.36674536472395913,0.42491618522214064,0.39869418082854774,0.316202538457943,0.2505112944734294,0.8018527687400885,0.5966756520031968,0
0.8171053859740524,0.32604578352596325,0.2359758663910773,0.34602179051414517,0.40285460738178014,0.7292856042782816,0.31869101743854517,0.4864200923218384,10
0.019119992718469925,0.07130422711905027,0.23812302537770463,0.46021931777224256,0.33730902879828234,0.22608077242080635,0.441866234557576,0.5330025228345505,8
0.1508389371134844,0.3461318733639138,0.3102708501164422,0.16751081704285248,0.3316709713478393,0.34866419900020357,0.4317986799685996,0.3186684811353182,9
0.6207846091103759,0.19627352474382556,0.8071148650869324,0.7550948186131128,0.5376632863844203,0.03217921157184489,0.10636893252528484,0.2974154757962754,7
0.26746842791832015,0.4532057035171476,0.7641682971277459,0.20582797173905987,0.47886221139644986,0.16783626659138096,0.579247950581884,0.5745260327986059,7
0.1300544532295232,0.22639760478255866,0.34680815344549704,0.12021782499065753,0.74253676753754,0.2661836061533368,0.42419051616608194,0.3775102427413524,9
0.8581214202761478,0.3134394077109662,0.126459010098844,0.4616037307217586,0.27706751985510636,0.33778586351819423,0.5528718561152711,0.2870576658980108,10
0.053539240115948905,0.1274895131977596,0.3044362751107066,0.45810099794468845,0.4103962266869229,0.22013039720734656,0.43770884631904844,0.31679063859858886,1
0.14180782038685405,0.3486028024483902,0.30254427705473047,0.19552411286814503,0.3680018445436687,0.34189042357167587,0.42985327459866873,0.3184221619584695,5
0.1601005037316853,0.4282161538584818,0.2958642796911355,0.13664364653849387,0.611946200040737,0.34252992444079966,0.4285945634514577,0.3754162766156018,5
0.052044051950292824,0.11480686651304561,0.3088503003619022,0.43861692884302367,0.39764101291633946,0.21906804637929184,0.4333008487639182,0.30021854690403216,0
0.06893823739664706,0.13844863613807953,0.31362580704835735,0.40651841886623996,0.3620699819553065,0.22894438583836335,0.4420713331376342,0.3217070684442498,10
0.039978952002039214,0.16268571027692874,0.34140470623311114,0.6168393642440968,0.4816145447648349,0.581911201341371,0.45356378428635286,0.4932816105539988,2
0.9460469024282356,0.3032784725940862,0.11007016437717851,0.4252192147879643,0.38414109870072355,0.32346026236895864,0.4041076001367847,0.24917491094106703,5
0.11411842417927553,0.2386383987013786,0.31833677223363444,0.2650864659722077,0.42898981436123496,0.28767067840100746,0.4349779766893706,0.33761336059653413,9
0.045659687944625604,0.14371027140149972,0.2927215184648514,0.47514025393717385,0.4278958480757763,0.216999649962264,0.43369413989357714,0.30619475565195053,1
0.8527345622141849,0.0645363035862278,0.13876626327517777,0.44746509444220295,0.9561078281536319,0.2231031404072304,0.18182718313177626,0.48077528069740105,8
0.06816303784559458,0.1504767517374967,0.30985639008583166,0.4133869311560394,0.3843347898185173,0.23047477195745775,0.44190350897671676,0.32599179863016714,10
0.13742932401222463,0.7218960556465701,0.5127532856843784,0.5811632210745424,0.7079527634958928,0.1449405937758665,0.5170836152018234,0.5555182725547453,7
0.049279894829247994,0.14484827272345963,0.2931843963623105,0.5027674236543259,0.4255355588796214,0.22714797449804544,0.4404478758799409,0.38814628932449013,1
0.052526819963077065,0.14467757803042178,0.2960607465135995,0.48153105442285493,0.426597178378817,0.21692232603743267,0.4406901100621558,0.33060783653528825,3
0.04246048642307171,0.15146234055423569,0.35505307054405955,0.5455266319249398,0.4829680962701229,0.5689266651442959,0.44566508344544115,0.3048265128375343,2
0.03814525965918236,0.07918775809587278,0.3079823240714053,0.5114348941327459,0.3521743654697288,0.2825227862475884,0.42723805976638196,0.6196592838456594,1
0.08971733320809477,0.6875732748019742,0.13325207814625373,0.5429974458480022,0.7497730887835992,0.3009088631763246,0.4374397210311533,0.42941294405223324,6
0.0535787255750933,0.6110072587302038,0.12426862305017272,0.6714805719342083,0.4458449374092126,0.2995362285115815,0.43648189063493764,0.3440519107125957,6
0.04386851880129805,0.16651225780955817,0.28160073756350307,0.5057464672881642,0.44961669591393494,0.21117123982482783,0.43713490223678225,0.32272792079655865,8
0.1185599796625599,0.16791806747278637,0.4220632457584036,0.21928408218853063,0.8112969595103383,0.5860048081206758,0.44284583353315393,0.3978185313067264,8
0.7837462988891015,0.29906104960973223,0.0950508185768533,0.45199227831317557,0.11173080133361113,0.39738870286029854,0.299383634816921,0.5627259609517204,8
0.2784765154468891,0.45954055321098464,0.7720065307357296,0.1703706003997919,0.5260911944449008,0.16790215002762685,0.5824521910988498,0.6006373763465744,7
0.05131428857456477,0.13385864797682484,0.298604745172192,0.4914592561339694,0.4133327501692453,0.22858362444207236,0.4403963574489002,0.3936556041420258,1
0.028187954687331485,0.21950015255012645,0.3169511825636095,0.6322987281336901,0.5511805520354917,0.5590912483726626,0.447872898156192,0.32500503179197404,2
0.04498755093219248,0.11614649493673174,0.2988612087713111,0.5236120270678605,0.39114536908504866,0.26052368510354496,0.43694860269803787,0.5422216547197338,1
0.04852451072025982,0.13761356072342656,0.29588004196987966,0.48715817468819494,0.4189607379731038,0.22661913116537113,0.4372745096297036,0.36571341733663404,1
0.7553805981428559,0.14558199638729136,0.15916631878776316,0.4327453791079996,0.7294353676416192,0.30080866717978116,0.1769614465207754,0.5771737391855185,9
0.0573880032701885,0.1239965209040671,0.30804737634962487,0.4562592149673349,0.4055274561363331,0.21967958243262026,0.44094358831300673,0.3271005949426691,3
0.7217374190985777,0.08489252652457088,0.18003058106897266,0.43510199254659354,0.8244219175663735,0.27099012958108504,0.2717293170463124,0.6043587995032322,9
0.09660201014499059,0.4019640979238433,0.307603625886528,0.4668593281429714,0.2809871822733513,0.675003305392157,0.44386661308761843,0.2850444451815238,6
0.7776393256419818,0.3469038301684203,0.12321095666495044,0.3591675653753914,0.25763878212538166,0.3635536379866363,0.46515336139280766,0.6030123395275926,5
0.1336344388838534,0.13271788321029043,0.913615269983835,0.6631139248030592,0.3520082223097859,0.40805850747982625,0.6280340379366619,1.0,7
0.09452517135967647,0.16354559559336448,0.3328429131143175,0.2930288437028269,0.625808616822087,0.23533545211178986,0.4359305890842617,0.37750805273882576,8
0.8997780720037818,0.2885916490229653,0.42139907203011306,0.6508648558776684,0.21691632438793662,0.17141320287262093,0.3230732967633169,0.43872158732255295,4
0.01900592479751373,0.1770652296910757,0.32227762614290223,0.7091317250969257,0.4975355143387648,0.6387645810378678,0.4448908004203787,0.6867136348231297,2
0.022666085482766885,0.17813344191165256,0.32377832936506323,0.6861920979708263,0.49842194388261646,0.6150905314096069,0.4462115246861034,0.620632090925209,2
0.19344094645377088,0.40251698943632147,0.40041362250847023,0.013526499220540611,0.5884954088887814,0.7198925903183285,0.4322266767449401,0.34168164152754377,9
0.045730999605587797,0.11145376550295408,0.3019796547794452,0.5147332960036333,0.3879351746184755,0.26138120329216585,0.43609604030670274,0.5302856009145978,5
0.019976892608365937,0.18789022765369537,0.3199810401681374,0.6577683228423787,0.5126273139221043,0.5918885700313814,0.4413877282057187,0.5014522875880811,2
0.07550304377537137,0.14145475257041326,0.3167737586979799,0.4302767343674015,0.3705266078154118,0.19173625467153288,0.47716013202986957,0.4601302786638995,5
0.048566218156954166,0.16621243520215728,0.284697292876232,0.5102493974693872,0.4481582094465657,0.2119207846317814,0.4424523933098475,0.33938988173276313,0
0.05014887798988504,0.16013395308928244,0.28936361553966944,0.5058097574772233,0.442670380126028,0.20139787056943723,0.4448871472055929,0.3399175793571917,0
0.12945519587412185,0.18647965412494713,0.3604767554323867,0.13363464784466056,0.8375750114629916,0.24068079172932547,0.432580409388083,0.4245951855974063,8
0.04281036512705716,0.14965342769950657,0.3555842150209954,0.5434733608464797,0.4809585710561061,0.5678053229020821,0.44602135928819736,0.304594265119146,2
0.6348925059193895,0.27461881894704493,0.8929088029985808,0.5033640165345485,0.5965419080550238,0.4132394478101326,0.4699991539676318,0.49453703899362594,7
0.7157206378820098,0.10160997221576507,0.5768632861604029,0.6878535349744932,0.6055315349013566,0.46389795669715495,0.7551805430864444,0.503867134782201,2
0.7811025987702707,0.10772463262652815,0.09362289798613829,0.632087351166248,0.5500644567570947,0.24827833339781125,0.5986039845574143,0.39500145328945335,5
0.18358737018953755,0.37041376795539194,0.33759337904628384,0.024236388129478814,0.6039469903604141,0.3060591924241458,0.46205339585264027,0.49256828294715493,5
0.055749584556423426,0.1333519528984917,0.3026558044714062,0.46781163633460116,0.413705876410872,0.21570481676084566,0.44142430579064806,0.3317283091536365,3
0.057721263010181434,0.13380602533542602,0.30512013977543895,0.4548615867238824,0.4170483550271434,0.21214566623581732,0.44164194794960093,0.2904213613686107,3
0.8816530734931755,0.3236671948554816,0.14012643044352094,0.36253323469410426,0.3727783910305696,0.3550637171577855,0.2379650310478806,0.4107687812479489,10
0.15430831190105124,0.3492831129091844,0.31408624850072764,0.14756359931273577,0.3661536895211638,0.34289875602952175,0.43385053374898097,0.32875202989105223,9
0.045080767397025934,0.18300987666444912,0.27406330707249055,0.5293542610394331,0.46423640440773767,0.20720666538712557,0.442175921613724,0.34315325846521577,5
0.07133012668881183,0.5657688615305603,0.15135546859646717,0.6195291581254458,0.3907614386056063,0.2964227631272201,0.44469900757640357,0.36717670346896775,6
0.7826298043520528,0.0867353696840249,0.16046600266639757,0.6701717896075435,0.7079968479627309,0.19047178099243756,0.44039512240414685,0.25573531756362566,9
0.7604734410664558,0.0246754821760323,0.20510679709262894,0.7755035383123976,0.6422786600917799,0.5511858063324744,0.2805225983831735,0.32394566974536665,2
0.04771521291271358,0.08122580807869703,0.31353238966360414,0.5058121612156157,0.3530356665745007,0.27728209300887385,0.43517909960890605,0.6073668345281545,4
0.7799910420650569,0.19486454334909864,0.12442742728522685,0.5710063029628036,0.3003193684100085,0.32738660785206825,0.133120990512202,0.40534875338340026,3
0.045005590861070977,0.09005808679631089,0.30822057193834507,0.5206461847377876,0.3625287280170657,0.2792544886772414,0.43489431782940985,0.6188198077932643,3
0.08199728528868827,0.14564277749747628,0.3976398183835762,0.3136906754340563,0.6593622752119447,0.5780028475391134,0.4322635531765777,0.31814652088986084,8
0.022942598836978523,0.15986435569869,0.3289738432556125,0.6887654802293716,0.47513872244881217,0.6209543156429845,0.4465868529472853,0.6945892196728062,2
0.9167384993256135,0.3637115789657255,0.1286290706757693,0.3646843551197599,0.5204540783385676,0.3322830318498186,0.42520996614098344,0.3367061937458997,4
0.8046032459601569,0.06419584594924505,0.1726247806665008,0.5353290697142874,0.8730567900814394,0.20794759548103112,0.4766399354028027,0.3234635715619833,8
0.039555638835069296,0.21401513724735155,0.259532789170673,0.5583370289177092,0.4988959471250075,0.20135110030218673,0.4421526954199439,0.3187001899797651,3
0.037664377099157376,0.1925018283793803,0.33529076453674495,0.598787929034917,0.5239036669813398,0.5661649434150082,0.45080712065094314,0.3285527443616049,2
0.051422826969176494,0.12956779296586268,0.30236271744416177,0.45964899563772665,0.4130554194862842,0.21885319880073784,0.43626172083647874,0.3116793131421116,4
0.8398969197211693,0.33908394859755875,0.12154887685142082,0.3277440800786679,0.37617208913796457,0.3866235229892881,0.35044237907377285,0.5237256842917047,10
0.7845318165810073,0.12382226472679853,0.12140010505275534,0.6301957529717602,0.41221020208448034,0.27901742769322524,0.16741393168204566,0.38258548877698295,9
0.9508505531526907,0.31964397205993844,0.13101461020289756,0.35076651955014415,0.48297590071995367,0.32590369103461364,0.4253540529504999,0.2677507573183322,10
0.05150487846864632,0.13552418352681705,0.36539374971714156,0.5287929758898307,0.4630584242475402,0.5653387569952693,0.4513658531999937,0.3212100947829982,2
0.8485519482348097,0.1055107654874354,0.1566310308407988,0.4949198766059172,0.9165081185476247,0.21567650269398453,0.5475557963181807,0.276172619764237,5
0.851407546004274,0.32984959769219646,0.12606195899675812,0.32464379873266846,0.4867961713850376,0.36928893322329803,0.694216206377745,0.3983500389378657,10
0.8048665684129419,0.04696708826122736,0.2793328034031486,0.5788951959211959,0.8873784531581066,0.5416444156199627,0.2965712385763578,0.2784707528066057,8
0.1568768092700707,0.4402997991922728,0.2911803743206543,0.13868289388178573,0.6182610694453992,0.3335244269885741,0.4324901471254872,0.3744591596497888,7
0.03243788430448857,0.12207778525991317,0.2880427378877024,0.5454791259078886,0.3986932305157174,0.26909999225558506,0.4285882609918028,0.5727519925354067,3
0.07441604562549875,0.12132056293389182,0.3914763736112481,0.4199991362869485,0.5024716402487953,0.5747269205299743,0.4485358503752745,0.3329522245900599,8
0.8010133031349189,0.3326506460573553,0.21964051597765002,0.36749185606801815,0.36160520103803906,0.7024912597733908,0.5472496265741273,0.4698198614447827,5
0.012577980955258472,0.1941835221792422,0.25306428731480396,0.5259454559677496,0.48747419167471173,0.19327964945798043,0.41580551206393634,0.24378565619652362,1
0.3530799622917144,0.34442063222002306,0.4725447402106719,0.398056540559781,0.11040189804954859,0.2075694708453628,0.6922540291549417,0.6761765508308657,4
0.6943464950270277,0.22804802955966244,0.8793239345691749,0.7273844900629054,0.4385848709948378,0.3433216374240559,0.5851853169863105,0.16273714978011133,7
0.7389941030680403,0.37625470533639865,0.8641283715085576,0.7058946658888139,0.09796428307833444,0.4651614476854058,0.33396089425354425,0.13141253779604223,7
0.04755038278766932,0.6522984220941939,0.10298951887066177,0.7254419874458002,0.48701900244025637,0.2951544945560585,0.43996478283532003,0.3641892230410173,6
0.11132008709527191,0.6037993015456027,0.17992847888070335,0.43938070874392315,0.6586975999107819,0.30520866126890206,0.44018064351202674,0.4254654980909331,6
0.8540855380170009,0.21570226078887517,0.14758210512411724,0.507050027094451,0.6241841518348796,0.28158949415778933,0.43570799746980965,0.23226049716272257,5
0.980041847644222,0.3609048391612938,0.5238186880747244,0.4528781889956392,0.7001317628213598,0.5473159329117063,0.3361516448893148,0.38255143883604276,0
0.04570126006595904,0.11751361117697537,0.2991299622724935,0.5179588143019689,0.3929355219394215,0.25440575459471815,0.43737643888449484,0.520963084305697,0
0.8021150707572993,0.13092038663795197,0.15271667483794177,0.6189515879318934,0.47278473968188073,0.26193746763961634,0.3432727672668402,0.24755077771026857,3
0.818946872489069,0.3157351997448079,0.14816962466307676,0.42164657056750765,0.24138852596539298,0.36658829494630346,0.3598444777403838,0.40770648657215275,10
0.7569981831028376,0.08271680497084474,0.20374380035653508,0.5076495877931532,0.8038856082138301,0.6155861469637023,0.5564585155869823,0.49034124908735766,5
0.8259661232654275,0.09175299106346094,0.17549443228550085,0.6611967349562611,0.6451937409044135,0.5890664510148729,0.4755695308861905,0.2734425970655223,2
0.028467063463309517,0.21949136346926396,0.31702011511384487,0.6332515956634955,0.5511310631005006,0.5592079636092344,0.44816715571863586,0.32624707051367685,0
0.889152449282499,0.33018834725353247,0.12115617433423381,0.5172566126404852,0.32023530515478704,0.30493460197536293,0.5137288414305927,0.21284885024280784,10
0.041690985517836454,0.18156703954945258,0.3405100341603361,0.5870573433788654,0.5099129542744163,0.5583814261979366,0.4521702166784086,0.33346350945754355,2
0.06295051058523171,0.6061850612126078,0.13038012136730334,0.670842098830479,0.43488771133262066,0.29626355549010985,0.4451727438133308,0.37504512444785787,6
0.03725892033192846,0.12793292500418738,0.28749053803503405,0.5643728809290156,0.40113059064989803,0.27235005969031273,0.4354706478809218,0.6173159853333396,3
0.021217451938265852,0.1338298205180399,0.28187397021226596,0.46719501711227857,0.4239327316328166,0.22415194356029713,0.4104656457084671,0.28460978530926556,3
0.04112269556221604,0.09255189152176219,0.3031165355818673,0.5443343820039259,0.3622495411683932,0.28587500657983805,0.4347880147384675,0.6779842437227063,1
0.05264336519702956,0.13498350684134236,0.2994477307749489,0.48390604931011527,0.41517586632963843,0.22480509814568678,0.44064377170787655,0.3692384584476561,1
0.7002000269109143,0.3829946942559327,0.8360902492957698,0.6289530426116192,0.26874724794325355,0.476761775598633,0.429636356540658,0.17793384254959438,7
0.7725316675125281,0.27733897422023196,0.15479377607433573,0.5894096272981202,0.16814209011973769,0.709886974101082,0.7808543503991187,0.3557705545732634,10
0.0909798327146702,0.17057934159358457,0.4060762529718648,0.1842049462817994,0.8388001707139772,0.580226435446386,0.4125703352020093,0.2979983659749603,8
0.8691530745122712,0.293559566535747,0.10812022787563866,0.47631454659591466,0.22786476829197183,0.34430654582711273,0.522433248424348,0.3005290309683208,10
0.050101246131389165,0.15863073289771087,0.28867700936114576,0.49978136378413657,0.4403560893883959,0.21589173487564925,0.4415587691667463,0.3367101122180987,4
0.8460875829109333,0.2346726796802039,0.5699194648946042,0.42135143543657605,0.6669992538903671,0.08321216069270998,0.5113355348846589,0.5726341197628041,4
0.7794967382998307,0.006487726552124734,0.08235230935995147,0.7666401334820083,0.540850464319762,0.20485313869083727,0.6496905740879991,0.2669341902811675,8
0.05451262446455479,0.13783424252907656,0.30020389151000765,0.47353215768480866,0.41918678030428036,0.21830013535938553,0.44116022613528244,0.3312514822871703,1
0.841290168465172,0.2333891754978549,0.06632135095395575,0.34625225013628325,0.7603196059590114,0.3500251569002795,0.8249579735271095,0.4693833954751086,5
0.06016810765908487,0.6028362077676663,0.13071707715367392,0.6645320619986098,0.4337447619504191,0.2970484925609892,0.4416501347188938,0.3611057665637332,6
0.02130609426817348,0.16196054255147968,0.33151334956314493,0.6959154970924295,0.4844450452675913,0.64622301587475,0.444325377606635,0.6915715209849604,2
0.053521043315735484,0.12741717753975934,0.36899905216327616,0.5181419870994255,0.4532928660593164,0.5606669360703129,0.4518200268688861,0.3209400264527504,2
0.8605526882585564,0.3234562227234209,0.07545144832087874,0.330498671180401,0.39489494298392386,0.38464645483990495,0.8142607103137485,0.4453680245054252,10
0.08385489281288505,0.14231245788359753,0.3280750785234195,0.34127422801188034,0.5283486468691632,0.23230905341686497,0.43806285606432827,0.3586379817167494,8
0.049681407911093045,0.14493360547074646,0.36196195572649126,0.5356175631654448,0.4751249309968818,0.5704442579733632,0.4503532515924557,0.30583264345437133,2
0.08217330039270787,0.7013507866306061,0.12334214645793931,0.5571173970013046,0.7663642086216308,0.3010968461917843,0.432794522458422,0.41590431750874046,6
0.2357891453590061,0.3001160971190479,0.7970310595598649,0.2433867388196751,0.7083262950163447,0.09806138174977594,0.5806129057940261,0.6177203155643518,7
0.8676066683361754,0.39751174232170716,0.4900037241609919,0.3757041691756449,0.382060131127905,0.2385372738900683,0.3623258812655654,0.6161747344731228,0
0.1515001641279122,0.30029276925843124,0.3335895451715978,0.11781505025980965,0.5891912972972385,0.30908244123135503,0.4316095282322155,0.37371203629816285,9
0.8428684663172943,0.31701960970817517,0.11182720697165302,0.4067481342629955,0.3205255353896469,0.3604322883053973,0.8280692101063101,0.3226920387437102,10
0.09762915911750836,0.1663958172592786,0.33791507129019044,0.23815583831887843,0.6838297003799392,0.23491184995540457,0.4278103949638005,0.36456120529011843,8
0.04412249527269879,0.13164290480155658,0.36447030363395666,0.5200573794818822,0.4644519595741268,0.5756959374075215,0.4424122575137393,0.29062061074244394,2
0.09902844651525777,0.6159923543617434,0.17254171264057436,0.44887182757534283,0.6859610143747199,0.3197845964691211,0.4289421649813183,0.3824400813854928,6
0.1050910591651893,0.24034445325362377,0.3073945191685503,0.3107467162313049,0.2942317013413164,0.287502527167019,0.4388032265471163,0.3104655095734906,9
0.8624839580050376,0.36575195744385824,0.5055963210202388,0.47596707207762196,0.22071096190930184,0.21766636508235665,0.1884336700321287,0.5487046619463739,3
0.0497843323956364,0.10021226408966957,0.30946447882197325,0.48892720078819646,0.3763874490520897,0.25525377593954707,0.43622926439254517,0.49577534191053907,0
0.0429472828859539,0.18312672955055634,0.27417798962733675,0.5285425060047628,0.46676804803490823,0.21027411653684497,0.43983004088808075,0.3346012318951597,0
0.035447014590276105,0.2013899145335937,0.33043660478703374,0.6128396875424776,0.5338260487949867,0.5664959328290828,0.45041712895132807,0.3302711170593034,2
0.7655102570541332,0.1379538157977402,0.5657964512339917,0.5998502854400827,0.6576562587098462,0.1143745637504677,0.7959368503814335,0.6004531571714885,3
0.8193018330426369,0.5083531038268894,0.06821038656396808,0.41863028055266166,0.6263366332165553,0.34555568066400194,0.45451235448765903,0.6096853276555718,0
0.8673404791481887,0.31100446740070287,0.1580599919109901,0.4235413554486091,0.31976459940327795,0.33753899281294647,0.5422879967001382,0.2506042764316465,4
0.04588089075479018,0.18010334779576004,0.277436469851964,0.5300602267219728,0.4621040546903646,0.20202962487164616,0.44472795449418745,0.3454515053116629,0
0.14061163816592892,0.6676192698065584,0.5416737667530127,0.5064586838078757,0.6636341201656131,0.1622609906777585,0.5064509234198845,0.5031503784097169,7
0.6871263353631797,0.4521589558585653,0.9489156115951346,0.4363480598532825,0.6325157950853525,0.5357999760348846,0.16457175850517664,0.39085688107884425,7
0.08348327686856966,0.16353735506674616,0.3229976259922124,0.3230810938067108,0.594534873266463,0.22449392411598024,0.4339919257371067,0.3574400488961544,8
0.8996749956307504,0.2035091904908179,0.49976947786886106,0.5243226208431132,0.6000261134349071,0.062598800022245,0.6918225981454215,0.46980028340032004,4
0.015602424685325411,0.173213438733416,0.32077266563592055,0.6824852626803595,0.4941625411254705,0.6151540587045603,0.4393297535382723,0.6177618759331105,2
0.15525722680360085,0.3372450197768706,0.38924898434217975,0.16162979200325844,0.508950725338675,0.6776602975223995,0.4435830967658872,0.33676932984897023,6
0.17437772784546124,0.3585886303867287,0.328854073639688,0.09039149178050332,0.4562152339482297,0.3453732044455462,0.4358219015020166,0.3710359094963582,3
0.5602850334486427,0.3431610843087586,0.8385017630073484,0.6822333433462037,0.28002478757716553,0.5296169291314141,0.5027035013543705,0.4178593369500143,7
0.021142032268350375,0.8036884174882355,0.0281647052504016,0.9187954640870144,0.646205571199954,0.2737992290196833,0.44678501296555767,0.4160764696286285,6
0.040560156766924205,0.14143511891492622,0.28674129782938995,0.5322306126599123,0.4191787396561449,0.24506570088952845,0.43578563817609367,0.47976283316739754,8
0.6894413255119056,0.3373468506355588,0.958467234534469,0.602151480719518,0.6151388664060907,0.46517157102087825,0.3305956332910992,0.1826122693200086,7
0.7128066601031823,0.10046536380092072,0.17187729241693767,0.779188955191087,0.6114613621885673,0.5933511510565823,0.7562115817894492,0.31066715311506604,5
0.683601540530163,0.04687395357434257,0.17254175818027165,0.597037377165331,0.6355241581493198,0.24819551592392275,0.6385250636739193,0.4226814829671014,8
0.03827433081488374,0.7123043933701831,0.07033105295636674,0.8035347350475937,0.5436164303030645,0.2828807636786311,0.44524021819832166,0.39563216777505694,6
0.017194777161807562,0.8305842040928264,0.0111588078250211,0.9528122752125818,0.6637815458457502,0.25274635406471585,0.45034280516684544,0.4395647385401702,6
0.10967237059915896,0.283279081648718,0.37805182213942357,0.17334900874872278,0.6416118291343885,0.6341277808103257,0.4121783604088743,0.2564927791317876,9
0.026724421690580202,0.17994223527383355,0.330741477284365,0.6639168349262834,0.507724208745386,0.6194182681555387,0.44667456627660695,0.5432287726839374,2
0.8156795197585548,0.3087724513717387,0.19457827083095292,0.4025355155145567,0.308944482523938,0.7323850843344686,0.31857743579416475,0.5164420255358178,2
0.043369527396257046,0.16861578967255125,0.28070617303755685,0.5098969316005504,0.4520772479094335,0.2101378792884665,0.43803543269568174,0.3240007421031105,3
0.7515406416324502,0.07049721804536477,0.16272341030523388,0.6425333469517468,0.5508211071444051,0.2393726434883502,0.12241545357854361,0.4052641888719337,5
0.04750500873414981,0.1521949027987659,0.3577266971048698,0.5509063045760273,0.48258523791881724,0.5714705626019181,0.4509812404781319,0.32277677929785475,2
0.6000658019885349,0.22477553038629994,0.7878617801632579,0.8100235112559522,0.5548021571871946,0.0414779540561932,0.11870348569581735,0.31963496330895663,7
0.871552268141906,0.10206419184942356,0.2550355344245663,0.5531281816432148,0.8496395192155748,0.5589555775265025,0.3124514797043465,0.1917282781931716,9
0.8038396166562836,0.07989243786618813,0.13958066019469706,0.5741566118630381,0.885517362748732,0.18440630639183764,0.6771016408019646,0.2828726381358758,8
0.9272949165502334,0.33193070500622,0.13670600059767,0.3387767164562008,0.46225397240451627,0.3380490039172323,0.16564776654288815,0.3848770337975066,10
0.8101712384829156,0.3509515922557286,0.44464064208933585,0.5600890886344569,0.13668815593460387,0.2350368218555025,0.430895275774782,0.6210068036890377,4
0.04585727974715387,0.1442533891000812,0.2919485090680546,0.4759524401943364,0.4268273375533885,0.21473611287666602,0.4342586862313891,0.30910218475183393,1
0.04415207383121483,0.1111746750960588,0.3011025037151973,0.5145476249713167,0.38798377785642335,0.26182576236533606,0.43463666999225337,0.5288603329577686,1
0.058739497816153174,0.08299713948890619,0.32117578181131096,0.47188623473651753,0.35398806748560274,0.21190366519187134,0.4701634587153678,0.5658080237937102,1
0.8637013890073595,0.2087197841350304,0.1929452711166006,0.43390648258242226,0.788547390252629,0.6497933243114113,0.752530332397414,0.2716770034945316,2
0.0377359306058887,0.2072573637735803,0.2611176969560205,0.55921437784133,0.49184271985327915,0.20909207717443828,0.44015166137517225,0.3403731987290596,4
0.8625975945590921,0.19430734779083436,0.09180743930228583,0.39171009053720973,0.8437816726005669,0.2988519421382153,0.5258551250749774,0.4460023739036151,4
0.6548059383478024,0.4100402777205795,0.785637302220561,0.5053916368161352,0.4142189110124972,0.15426586238106393,0.18755505158427282,0.4540521650304782,7
0.05373683191847717,0.1280326308963411,0.3036632657139098,0.458913184201851,0.4093277161645351,0.21786686012174866,0.4382733926568605,0.3196980676984723,0
0.9024219561190561,0.14845963916844046,0.04038963378429217,0.5729043153685693,0.5233607279486446,0.27922582778724214,0.525472051223679,0.2750286541965339,9
0.7250879361512393,0.3736809267563882,0.832608519143796,0.4077342471028744,0.724393445980115,0.1342768740362053,0.5648330341642851,0.18781425546082897,7
0.954196143437194,0.32335824937849456,0.1532014747142046,0.3634446225089585,0.48452907586366795,0.3175584025085671,0.2898850683329044,0.24167357909689555,10
0.03712269402149254,0.13142247463683226,0.2891067966636794,0.5212869145581309,0.4108008397819384,0.24837680599226353,0.43080370907527915,0.47440286382696834,4
0.04434144252424049,0.08516761487159946,0.3089327030749671,0.5244818970247654,0.356238299668855,0.28248826297477625,0.4346565660726985,0.6463160742011917,1
0.04437256383822663,0.1618145079644724,0.3531471035195351,0.5629310271324001,0.49459195773605946,0.5782465494210044,0.44955177505333865,0.3203543730048447,2
0.04567304091100671,0.15786616977670326,0.28637942858925836,0.4956866513760711,0.4406662029641803,0.2131523078209019,0.4374067154149429,0.3213531147593509,5
0.9048270157624728,0.3218741047894137,0.1364301799253585,0.3536098323890129,0.3981892768702101,0.34917828150637387,0.15259695887253927,0.4098121779784395,10
0.7860250064098085,0.1022178378233003,0.6080446395715774,0.637971878975959,0.7829203354638266,0.43311781961822426,0.15242029486671155,0.5880686377593826,4
0.028187954687331485,0.21950015255012645,0.3169511825636095,0.6322987281336901,0.5511805520354917,0.5590912483726626,0.447872898156192,0.32500503179197404,0
0.7504282263247104,0.02369712170978741,0.1487917857203243,0.6763560135914161,0.5748367774862506,0.21875585166892642,0.1694284592920629,0.4109213655513216,8
0.029269031872313278,0.16256160594788954,0.26502003297303783,0.6333129933248098,0.4305210110243126,0.2760123934871869,0.43888079764755183,0.704722458452106,1
0.8180761037479962,0.3036853668169613,0.1406816697996462,0.4789867891668731,0.17109179842456573,0.3586401134669389,0.3340973296830103,0.37404913404290535,10
0.053745110477337266,0.14162509368129972,0.2982140332675508,0.47876617452743403,0.42308784033336533,0.21631466023745163,0.441607038206833,0.3325913670445025,3
0.7910238168588617,0.19817363558743534,0.18162555114593582,0.41434836983378914,0.6869863061209364,0.3028148726746941,0.7074171132283349,0.29132759273629993,1
0.8208071426924319,0.29978736135554274,0.08075726655212676,0.43171581276387877,0.1768575484790747,0.3883945733668081,0.34971285852998923,0.5343738026551343,10
0.8042712397726026,0.10798184513827686,0.15561251293767953,0.66970436688734,0.5651229431835383,0.2171292558602009,0.4917704983700373,0.17287250085063213,9
0.14458400297939902,0.3336982438459575,0.31419258708799486,0.1455252163475773,0.36666864516901526,0.3242856361100807,0.4332279821252432,0.3133011294495809,5
0.02340994525868395,0.14882253479469915,0.26969792217046934,0.598263218380067,0.4238250144827225,0.27072942075553197,0.42812023675372746,0.6359737831256915,3
0.06715380442291774,0.12866120188418098,0.31566230269140405,0.4159226316434286,0.42246424323648485,0.229422796337846,0.43967532353930777,0.3346797034917531,8
0.05456476785484021,0.13288699761928968,0.30220751598599377,0.46649416574792507,0.4140772704646267,0.21815574190845405,0.4401410712246595,0.3269430329829625,1
0.7805247092541485,0.02989524741028149,0.16804725743528187,0.6485346815065407,0.6939033082158171,0.19700983744600242,0.5823790519342785,0.22800787979461346,8
0.14522759589838943,0.4242469501323596,0.3452782256359557,0.2688591043583405,0.5276030016486806,0.6766884202835409,0.4447270809637569,0.3594990713684246,6
0.0976382107060556,0.21490755230899034,0.3107389971682846,0.32657337352953547,0.32720571889431194,0.2720384222401118,0.43958104494560035,0.3170558898022696,9
0.04109232427397719,0.20266225690967246,0.26385530654539674,0.5557089706612675,0.4835767270487816,0.2078186592616117,0.44314380760326144,0.3512047435585053,0
0.05136270891699146,0.14278093680318044,0.2955873499350412,0.48092615162476204,0.4233812294734446,0.2170475341183482,0.4396926043256257,0.3351579919900816,1
0.05745988051399059,0.11548142409012072,0.3109094942730372,0.45554132960969806,0.39563240560620944,0.22516867126198642,0.44044700880273474,0.35360245566714044,1
0.034402137686397494,0.1712829954087403,0.33869114087583685,0.625612246038923,0.49731018101614755,0.5957965550959948,0.4484598540669557,0.47232315966937555,2
0.045013897274456705,0.18080369927093703,0.2767345599392437,0.5293967470906948,0.46366716542644437,0.20684186447585806,0.44306388569781197,0.3417714845694217,1
0.7976043756681995,0.3066234619458543,0.14986325449354526,0.2648694319679953,0.5795394983586029,0.3997820169721675,0.4846781171079996,0.49270990339345216,9
0.033383118335815254,0.20236208232377267,0.26071339207607175,0.5511917419276436,0.48778923637488963,0.2032482109460886,0.4365018802784826,0.3231414969218025,3
0.8508628908948043,0.3111442154373263,0.06845038058208078,0.356712864438796,0.3110204287840379,0.3912331116609312,0.5848114704712561,0.5148753056425005,10
0.7600286496147102,0.14291552673274388,0.14003305008668915,0.5543923511841822,0.6087407513363554,0.27142862269169077,0.46150676650210937,0.40107063207967947,9
0.7031678450307328,0.1198021629098559,0.1374301111198695,0.4873023425818499,0.8492935466708705,0.274314941641766,0.6564967076498924,0.5551595540651033,5
0.05918980520670791,0.09491331853473725,0.3184510968077826,0.46774712779269373,0.3693226764955131,0.24343254145461843,0.4439410797380483,0.46784905773990343,3
0.781317227366689,0.23539173889738133,0.12872534416507955,0.4318216155574596,0.45537525584315347,0.36089757973404046,0.1629977316753798,0.5210168689975285,9
0.04003420273880731,0.16296285879285216,0.2797213712680038,0.5255456606432808,0.44509699803683317,0.22698697116036487,0.4357808660993664,0.38705326771802095,3
0.11212467358628586,0.5733733480236893,0.1992079425805888,0.3979020344265335,0.6428276215811802,0.3275610415190953,0.4318778226377733,0.3833674772118628,6
0.04829624489342582,0.11081676288625977,0.30369975761834406,0.502839686496987,0.3861847542765218,0.2530193999537922,0.4373074278500682,0.5020231112579583,0
0.05336135348372856,0.14352051925741133,0.29721910414632235,0.4813831829487467,0.4250383703479078,0.21532192267648465,0.44183044424260826,0.33326130942316856,3
0.019577402960037238,0.06860986412116046,0.23988208475558498,0.4584729304801919,0.3343344633056174,0.224648088722825,0.4438419617726612,0.5389816521927229,4
0.02519197100818743,0.15251405185737846,0.33585702010114715,0.6647263304598685,0.4724894685106356,0.6292602673003591,0.44390540189313454,0.6417870569199083,2
0.05575446735573475,0.1291106570922889,0.3050592890187786,0.46232152248207903,0.4112837620434993,0.2195643500815318,0.4404380505220948,0.3261324858859971,1
0.7071169817827333,0.10805762744970093,0.2233363292575275,0.5430965311238083,0.7569580983081237,0.6295920397105337,0.46679356166952585,0.5261579035459498,5
0.7619149588041195,0.06122721374337897,0.15729183018230317,0.4503312966558406,0.8708989327695591,0.25060822957922174,0.32215090506934513,0.5601095596385958,9
0.9208476547248742,0.3442213331055994,0.2822396390143853,0.36245192060002684,0.5232272287706757,0.689020962114801,0.8794387121584397,0.28472340604680824,10
0.04870211117284967,0.1422719739850224,0.36043517741249825,0.5363030061451765,0.46942409871832014,0.5559517921225,0.4508587815210683,0.3190090995296992,3
0.8319985655886053,0.21074887402689937,0.10741105495801404,0.46866650608649624,0.5830848391015385,0.3193863689450389,0.4067308918061333,0.429544307974513,3
0.826402326280843,0.33879205923903544,0.13778590460071125,0.41618978048768296,0.28839464594760644,0.3664853134504962,0.2927843891840154,0.45026936332178374,4
0.09708688412292144,0.19173699390191465,0.750687366603674,0.5533991753531825,0.37944047605280407,0.03849950389103379,0.5402244084041294,0.5226740991077266,1
0.15682350852027407,0.36659901287007435,0.37683021915401216,0.19665982272115134,0.46978740057673635,0.6895000093048678,0.443085457870642,0.3419633998829682,6
0.052777202569342485,0.09366098646292251,0.3791373686805748,0.5372739018193847,0.4092661077084874,0.554379418179431,0.48111383766076393,0.557067359448935,8
0.04025168310812971,0.18790875565106466,0.33760356322071916,0.5967315748016117,0.5177017036077112,0.5615288819683171,0.4528318748817073,0.3347848713558823,0
0.039555638835069296,0.21401513724735155,0.259532789170673,0.5583370289177092,0.4988959471250075,0.20135110030218673,0.4421526954199439,0.3187001899797651,3
0.7683371465723727,0.29455406121601885,0.10917423839792526,0.48309653153589105,0.07800486733130851,0.3882861844890432,0.47800179223990313,0.4785504222179798,10
0.8390472252641407,0.27755438381018943,0.08355756594068126,0.5563397104857544,0.0836594795334743,0.35149631926019065,0.6878170282090519,0.30664055062288303,4
0.7676920669836439,0.006294408580574284,0.1107609435322093,0.7821601803832277,0.5001724121130937,0.19735091302451752,0.44865572542513127,0.2753515847446303,8
0.8007929736458799,0.10065052288373613,0.10470899011955623,0.6157435757314024,0.5553588866753257,0.2555521116893773,0.6327467079209093,0.303555108876033,9
0.0615837436785191,0.6126003668905022,0.1345907156971377,0.677258888263504,0.45204604493533485,0.2941184429165783,0.44288810234643217,0.36530348522790895,6
0.8925945895929773,0.36432448190387823,0.5866830985279732,0.4985390615380074,0.3290709174167733,0.5513850600809624,0.13784688626889952,0.5005531180939098,4
0.026387562438606904,0.1280395127788164,0.35152506690067303,0.5768107384347859,0.45717189043733464,0.6101546225546657,0.4329340719147223,0.4569717163378531,2
0.8244824999697375,0.3168344804745432,0.15263516527827165,0.372423767756784,0.271713785195974,0.3569198837468564,0.3986039983405062,0.4265149196270481,10
0.05182438240309928,0.14985635444021456,0.2938320260127467,0.48886767602720405,0.43225622012207454,0.21723496609934945,0.44130063051788365,0.33319702508135884,5
0.033423153707485664,0.19264917939455167,0.32737778495210246,0.6359135882246859,0.5162883895264005,0.5692428008588869,0.4519274831061426,0.43772847084662014,2
0.8094720517340517,0.13339520565682722,0.19044728590120769,0.48240207945150215,0.7268869645934062,0.25369017096787483,0.15765504570638544,0.37020127555755317,9
0.8936605080215084,0.33339923631260726,0.13240566989788236,0.3079825920437314,0.43675882508063896,0.36512273023525293,0.15147717393129106,0.4850490172019368,8
0.8030585938710052,0.1221505588537431,0.15514696331042457,0.42444349854261526,0.9213076345421349,0.25632476889510813,0.5444600450526509,0.4249927105184856,5
0.8235186122353111,0.047098742013467754,0.1440876369761166,0.5426897827266619,0.8274788311502345,0.21261315697294728,0.31277554991743506,0.3865450535478361,8
0.8164249229363478,0.3556172667476411,0.2246258479001405,0.2358780224140829,0.5450611354870424,0.7510507409624656,0.4121681015814984,0.5973503990022934,8
0.07031572229277294,0.1418868400160181,0.32009611932299753,0.3322012456344141,0.5303647256574142,0.22936430752369447,0.4249266422532428,0.312612408497708,8
0.1482398163778885,0.3636809865773276,0.30722921990443475,0.1494836056425532,0.44169703297699076,0.3265109859268589,0.4327764399640264,0.3338305346472116,5
0.04899508118514889,0.1785176195641438,0.27971991842748073,0.5093619176149626,0.4602966174549647,0.20021976823143156,0.4431408566210222,0.30194720401896336,1
0.05220813939670799,0.147960928864103,0.2948269551339751,0.48625066760589136,0.43030569010753206,0.21822770366031635,0.44107722448210834,0.3325270827026927,0
0.05307730262882915,0.15232641394285318,0.29431027382190006,0.47890200815646355,0.4359220356486946,0.21133259593397308,0.44128578793885714,0.2969965972729689,3
0.8878274654411555,0.32149618261773105,0.11187724449684985,0.35409081311248075,0.3538950442003028,0.3647400068421423,0.08275028482390961,0.5115901255881181,10
0.08802917080994804,0.20373545173022967,0.3091433173175125,0.32184343755437894,0.37892447389473227,0.26741966666639605,0.4297851167666094,0.2985494006003561,9
0.8276485653382616,0.36798583166295024,0.1630169840015302,0.20401215359245023,0.5106287157687514,0.40320238388227303,0.2484838911971951,0.6154724077607105,8
0.12775191705439942,0.18074191591666294,0.35982731471413565,0.14935382047637152,0.80914830046663,0.24111178735156508,0.434482873609757,0.4241590887020855,8
0.7052470473748875,0.1736590362886038,0.15901005358836293,0.5079357385954706,0.42608434608297374,0.3336047697553179,0.3930196110582712,0.48492628272595695,9
0.054110611945748066,0.11917465977227723,0.30575247717036097,0.47685781358346274,0.3978135936060141,0.23330418707316936,0.4395596091985063,0.3980897245000134,0
0.8831106421686981,0.31875813178223733,0.10730923748373988,0.378738743282546,0.32235680895454855,0.3637607594725195,0.07312304318328416,0.5091886014043263,10
0.9080638839682109,0.3067830792546582,0.208860423749875,0.5137318584035595,0.18794341489766597,0.31688860264457286,0.5282409429188228,0.24667583245833655,10
0.08922402132151935,0.18921494828461993,0.7432754904697622,0.5932201313184502,0.37147287976806653,0.05958471151406036,0.5376222017817773,0.6450644039118324,1
0.8428756812960094,0.11092824063108384,0.2299840825988382,0.519435117219906,0.8364036102624105,0.5778343021702038,0.6521762819737928,0.2761844071093758,5
0.03162698806069797,0.11065405249811486,0.29030549614971407,0.551214796410319,0.3833940738347083,0.2777784169791848,0.428118147482484,0.6293009432919938,3
0.03310940625815317,0.20958730382731602,0.2553536118572373,0.596008726294944,0.4916881623487754,0.22480223467885277,0.440434873617434,0.43727073769558544,3
0.05364757409041587,0.1397804611258967,0.29890934324594925,0.47585221866032434,0.4213341613243633,0.21722838129686456,0.44091959520673274,0.33031551540140314,1
0.6818209867030633,0.27660269559171824,0.8611355930603771,0.7682386354773032,0.33777790781075645,0.07061748360842451,0.054963193566144875,0.15297107278078315,7
0.0577717602637971,0.1221010953279556,0.30904230547085326,0.4536422065460221,0.4035769261217906,0.2206723199935873,0.4407201822772314,0.326430652564003,0
0.03480135191597988,0.13810822237287035,0.35363432599044964,0.5839494114996737,0.46685879747884923,0.6072135594673669,0.44180548305927014,0.45258014684216763,2
0.011531353427784885,0.12406019493460838,0.2158505933986155,0.509188701687762,0.3911686964424212,0.23370612122687312,0.4252887430291952,0.4815330279500847,3
0.11514318394845774,0.20127877763248708,0.34341412455570186,0.18632886058768233,0.8188848356189208,0.23958899373660783,0.4298295522899646,0.4071753952502344,8
0.058657394258595785,0.09078205113236157,0.31917107931962085,0.47360936552302524,0.3644686342093999,0.23085302046280592,0.45511401030873605,0.5123490761837622,3
0.09019843460753674,0.47638301837686325,0.20199326097944106,0.50679254018155,0.30246767595414636,0.3106921657922352,0.4424648784612153,0.34042620254080924,6
0.8733375098205856,0.2877842489454101,0.14365596401683964,0.3034506131321636,0.6855802579901572,0.3523696062818978,0.08171989703887039,0.4706703873496033,9
0.2004152962668479,0.24353518035143007,0.7810312600001001,0.37503656600157076,0.6444423317778338,0.06126471350558249,0.586788916352688,0.6086483658393769,7
0.7230145464790312,0.3612333252793545,0.7869358642199106,0.5838873823722324,0.5542441213202256,0.08463637600216792,0.3204322617401586,0.23263586597272434,7
0.04240055214538352,0.15944341860262082,0.2838831045040058,0.49503020507596035,0.443505702258266,0.21462746532806223,0.43413418375162816,0.31101558537511775,3
0.021499978968991806,0.1878346927157868,0.32651667854493943,0.6181751455681104,0.5226074153745133,0.5903068725410368,0.43666828936045926,0.3675066487970611,2
0.03872200533234088,0.10593334903763293,0.29593289240495463,0.5382418689337916,0.3776621216104705,0.26955517610269564,0.43259279847364374,0.6174264603730023,3
0.0497843323956364,0.10021226408966957,0.30946447882197325,0.48892720078819646,0.3763874490520897,0.25525377593954707,0.43622926439254517,0.49577534191053907,3
0.029160417262274807,0.19977232301655387,0.32390889275099094,0.627488623423333,0.5287778643815895,0.5739076254381427,0.4461935580898195,0.3774655451922473,2
0.1673925787265323,0.3612419189987086,0.6467640417132279,0.2664385880471888,0.3226045098841587,0.18887594254093024,0.5059349155210052,0.4358961412207718,3
0.7857320271941594,0.27960543034876295,0.13038163352501236,0.44066267556220196,0.36761016780982947,0.3787715154238706,0.45299757531173085,0.3838464638561263,9
0.04565968794462566,0.14371027140149967,0.29272151846485145,0.4751402539371739,0.4278958480757762,0.21699964996226395,0.4336941398935772,0.3061947556519505,8
0.05888930734876979,0.17366116290212558,0.2934868472207147,0.4438001485648253,0.4244007885300104,0.22262084135184204,0.43558250176249813,0.31533750497424046,8
0.8203762335986999,0.13169006529446542,0.046312338756606786,0.6024420475634842,0.8028000407541525,0.24652032483906688,0.44520091654817967,0.47538623050696827,5
0.874004256157244,0.23265020209223716,0.16868731183733068,0.45928919677233904,0.722567453888787,0.2763668621965134,0.3512617630505822,0.23203277255492527,5
0.7381125962202217,0.07732127116562423,0.1188586997017396,0.629513681525765,0.5632324906850269,0.26205751211058964,0.33988634041360155,0.4651079650938152,5
0.1078901432412872,0.2640796995171794,0.30061052004193195,0.31699970991718107,0.2773616095496153,0.3041232900594321,0.43561924992723816,0.30494781710092,9
0.05225595157557139,0.14005718616390053,0.29823037845816164,0.47478875893259237,0.4220075677292615,0.21757163304274516,0.4392263291472466,0.3255858690479115,4
0.8884798635037455,0.2821793879688627,0.19192721750315478,0.6188210011660562,0.03723159354544581,0.3102448704476489,0.5625632991609599,0.1996244274292936,10
0.8403130752479565,0.15497528460012033,0.698710235871344,0.6097342060236564,0.8481556670254851,0.8232324475873511,0.5588451328685764,0.3995974357352476,4
0.05502223139365292,0.6485352029214231,0.10966369943940776,0.7236771734172253,0.478177346491396,0.28202396593996953,0.4465296694428621,0.389454608484078,6
0.0,0.17911280862765583,0.3146515151142966,0.6394888537838911,0.5156300493075294,0.6086941824277403,0.4193554047470242,0.427671913423756,2
0.05017817532479829,0.13431899460121505,0.2976499285176517,0.49369788920681446,0.4141040971402023,0.23181708545787583,0.4393094875022228,0.3981325255610797,3
0.7233659871672458,0.46283163253080184,0.8417206302273451,0.5124003319463011,0.6741139187358647,0.5057151960645259,0.10201811856825016,0.29864903180087327,7
0.2936088058521199,0.44943761844477154,0.7893473887026068,0.09190521067896007,0.5811060027244447,0.17623846880192975,0.5800082579710114,0.6102017145684122,7
0.032659558609281714,0.163826998693756,0.33958604101465334,0.6273835616299392,0.4892213644871558,0.6014423010693271,0.44737084102687785,0.49829370946902374,2
0.122219574740343,0.32966905843634586,0.2966188638965605,0.1925481323128928,0.3005180146612273,0.32936798145730456,0.4195115165246703,0.2545401383583532,5
0.025816741694522805,0.1304151771208627,0.2871782200762507,0.44099682648162686,0.421734827398121,0.21557901701059062,0.41098034914355375,0.22429037848451178,5
0.0031217577846329725,0.26493080852348444,0.2695275097413796,0.8140408420909588,0.5778658651828685,0.601018781492783,0.44983972149740786,0.7089593904423706,0
0.06105164790497297,0.573934503461867,0.1454069285566771,0.6245292284389314,0.41013428466499524,0.30658035071511724,0.43507875740761076,0.3308650219586166,6
0.11252273010735281,0.22186862073697,0.39070904905395476,0.3013767993070747,0.5247658333421122,0.6253424938466756,0.44422319632883134,0.33830728770233537,9
0.05205299145134795,0.14619441757200408,0.2951534753428272,0.48930891034935,0.4279804114256763,0.22101735323818852,0.44117941399827976,0.34738164097797464,0
0.037820648163834014,0.20783841731050862,0.2608811417294028,0.5598531114516637,0.49192127086149656,0.20646054272636385,0.440374240203951,0.341487825803287,1
0.7131520008982901,0.3772338788215133,0.8820071483667837,0.6079973234176074,0.6720657552435401,0.47188093754413163,0.5452295679580377,0.0974957562553822,7
0.18932567484057605,0.43636928161794164,0.7155079193670809,0.17238815678702651,0.5762188366888388,0.5496657026149293,0.5012181101101155,0.436365827342867,4
0.03297879875162174,0.14840326340804816,0.2808737441967304,0.5105064583097502,0.4312352755531596,0.23208270750540172,0.4267497255676873,0.38334105299240223,0
0.05002066555788148,0.10426921062508404,0.3098131114150062,0.45394787494965855,0.38544909921437,0.23491169955864974,0.4319756148451858,0.3692174620829495,3
0.05284174842605316,0.13280619639055075,0.3002495171034086,0.4833381168998624,0.41221998841618895,0.22452951950353722,0.44050842441666516,0.3764680583762756,1
0.6460401894113363,0.2326894221832591,0.8069374589351305,0.6739895124097464,0.6310533481555336,0.048519560047288635,0.5787944061854298,0.17833559262490667,7
0.7512442404853785,0.3474374873573314,0.16498999963975547,0.5302493306849577,0.24047723578092967,0.7519605132554337,0.49116035334394664,0.5147669000853383,5
0.9899502784746019,0.363568264808912,0.44048269247513033,0.4960952649144622,0.3858034530352672,0.16996413477177186,0.43608052254313834,0.36916997624326153,3
0.8606795118855775,0.2879032966793405,0.23959619856127148,0.5356988545456938,0.2203576154887616,0.6976344133414965,0.37085259909222823,0.45278211733499535,10
0.6438324962590032,0.40326976238384776,0.8462006343278784,0.6469508878070923,0.07009681031053139,0.522638773780877,0.46399964384652465,0.35783219595617743,7
0.8190196550334783,0.0,0.10397874523842518,0.7699299511760773,0.55279413813419,0.18589706436883707,0.2611843688279392,0.2603191878646194,8
0.0747608818838163,0.758402263289685,0.10119288404375149,0.630838566087258,0.832124564131697,0.293887677169283,0.43643732595882145,0.4370225672687668,6
0.05869915769556466,0.5964894652233554,0.13605871828005675,0.6528972820435295,0.43015521087408337,0.2875765405936943,0.4377180816095961,0.34787206744594373,6
0.04458720022899043,0.18723965374707305,0.27455562685145324,0.5414017591438861,0.46998341439577246,0.19306926056943355,0.4466676272782956,0.34875806335235554,4
0.05738929302925566,0.10310380564045482,0.315509553825625,0.45017526616771375,0.3801572468032561,0.23112834023756545,0.4403040274783625,0.39234247882154394,0
0.08879956315949616,0.7115492445770254,0.12944005678687537,0.5739447640930186,0.7807752269077349,0.29105197224424195,0.43995376954429855,0.44159289100947907,6
0.057475307047274715,0.622882619608204,0.12118011438303561,0.6909722841459438,0.4551840304124019,0.2972019600996051,0.44332582783317426,0.36997929186797823,6
0.044008463859349645,0.16577558360829076,0.35115304846732454,0.568793721764832,0.4983593954114511,0.5747905093790353,0.4506483429008774,0.3235047594514868,2
0.05546727519595024,0.13222778166298194,0.3036653690948207,0.46636071646710475,0.4146958359250423,0.22059988829451818,0.4406371806240574,0.32770625297952555,4
0.7929387701807286,0.12426259142342735,0.17566975442647179,0.5712889207885435,0.5803765026072846,0.25216336113987703,0.44380805615564933,0.248117950261839,9
0.13567910489020038,0.3193430152384047,0.306965003159268,0.2211298725173872,0.35232284280408316,0.3322264647932434,0.4333698967287175,0.3232412138147797,9
0.763999559683597,0.29440105969450925,0.07334045584784812,0.4777979108150217,0.07695267570287734,0.4040397154173684,0.619000251027537,0.5239865278532628,10
0.14737675534236835,0.11814326061575928,0.35036440371005134,0.48965574521351435,0.3894304653175822,0.22435058721669032,0.5257104749335473,0.5138411254302124,4
0.8667183551045695,0.29334486226956685,0.10328349037599582,0.5520993590417296,0.23319951912937883,0.3580828047089287,0.25371183054751245,0.3981222208963326,10
0.03892176577704709,0.14377137346119023,0.2850403417170145,0.5431618398539839,0.42202283322380985,0.2428678147988546,0.4367550415671211,0.49790163076396576,4
0.2501105143693798,0.39590144253612686,0.8293536148887629,0.3254982571458892,0.3246742154205008,0.5106863477663813,0.5944252292605575,0.534624053171277,7
0.7547572200210635,0.08276243263468852,0.1394861555410559,0.5012325786315135,0.706348189435156,0.26980738011102884,0.33143867886243117,0.5298171528413582,9
0.5787121604179164,0.24889986359589528,0.8466252216562453,0.4630190611533688,0.737270447174339,0.1188899480270735,0.4849420145291078,0.5161251763849037,7
0.8422689036948383,0.13056923979997653,0.14927112493733405,0.4405231681334387,0.8182264518328138,0.24839407633848326,0.42832365516783427,0.41673088117944185,5
0.05518357361794818,0.13282169238227204,0.3025927405551939,0.4668759552784703,0.4138241764081949,0.21825733470736622,0.4407376899975445,0.32900777281497573,8
0.18039542655474172,0.4037333951472689,0.3179242348216072,0.06102038938990739,0.41337390705027627,0.3771179845142364,0.4280791097450443,0.336401047368146,10
0.7599802172638287,0.03591808635581095,0.13628419826365845,0.6887904251739574,0.6571345438098286,0.20648054441502262,0.7169601793270131,0.2492466221077715,8
0.6947836373572069,0.047644332926213756,0.18202432220243928,0.5706413301141718,0.6641599515096066,0.247139201497021,0.26660912921740454,0.5201481039803417,9
0.09122777708974211,0.6682881118752331,0.14597284578575356,0.5148433577476679,0.7328491505277404,0.29157991837840413,0.43345159711800496,0.41369750784083703,6
0.7963067690513346,0.32505085225040786,0.498780888684092,0.6371145747196455,0.23666149448698248,0.6000837316047558,0.41119967711541106,0.5465410665871545,0
0.803021523192747,0.17839762651270435,0.4584688736983995,0.6454633710888303,0.29669651042480527,0.09545146232669854,0.5549802321474834,0.6410075721850792,4
0.15097707041559308,0.10214630504624339,0.36145075916988917,0.473544256502623,0.3710158256150557,0.22009986992781932,0.5302711334123982,0.5251427061154815,5
0.06196734470887211,0.8465942179597459,0.05469231439013378,0.7446055966152635,0.9129633298788129,0.26304294196599975,0.444860444995103,0.48862047000007314,6
0.9227925013277571,0.4861175201930817,0.4640837463769495,0.5061407477862938,0.5712578464127256,0.12237520305923139,0.29953109579010767,0.6241336940252331,0
0.05388485156878958,0.10173605262210245,0.3770221982432028,0.5322629797057438,0.4211057296271232,0.5857310048717321,0.4530676200152761,0.45667018798072645,2
0.8834268073621175,0.3036611834573826,0.11285802058580513,0.5403804841890932,0.15068391069822223,0.3416365161553716,0.26542598700297415,0.43520521006932705,10
0.060166154448277,0.08678526291233102,0.32256645066241757,0.45864907707629465,0.3558304192709505,0.2183516418680846,0.4614178003404309,0.5227484541925642,1
0.1055338652099862,0.1615737970083666,0.3441164435940737,0.2399904030029703,0.6734773474766863,0.23633789150465334,0.43499665960129114,0.388308104105717,8
0.9029672616354554,0.2933892998460943,0.1036118649434738,0.5024711217327377,0.22980362860786813,0.32869322823184893,0.21909481514857038,0.3125796714699526,10
0.1397658573170136,0.2876359735983782,0.326197459559468,0.16636621377366023,0.49017880237395106,0.30506362543534493,0.4346027054923199,0.3530054713480947,9
0.6386443876850908,0.27256131391777566,0.8909447891876194,0.7566275684540762,0.4004393064308769,0.4151179910295021,0.16831004839521557,0.3530714347104039,7
0.719714754471958,0.1517692365941811,0.10961292071439338,0.5581875038314117,0.4180321860006487,0.3290644851594988,0.38377327993598415,0.5251679666499697,9
0.8086842119373323,0.16945276727726466,0.08208682304545023,0.6393812418683401,0.2866769413865442,0.31069661117367137,0.21213196089490785,0.36055777847726933,9
0.9293491344806624,0.40046192883440784,0.5116123617798016,0.3617743383949271,0.4770561422955272,0.20717678251485228,0.243258368541997,0.5181168862586301,0
0.05040458884009669,0.15722995045777954,0.2897519449325508,0.4978022538213811,0.4395483181992882,0.21330463883087591,0.44151713023786066,0.3352739156681376,0
0.05794020242669923,0.6253808337645235,0.1200123527792161,0.6945423620389733,0.4558993562659633,0.2946192154555954,0.4443881547683525,0.3756204697315403,6
0.0725704514956062,0.1367279386646419,0.3190417289329933,0.3896845094160563,0.4669143708386061,0.23030581152068869,0.43835767281773275,0.3427940040639177,8
0.8414806631036724,0.22575192840895583,0.13068545478456628,0.5359362418783165,0.39653620418072444,0.3151605765998366,0.5084189908528329,0.19528522743543997,9
0.07887113095433362,0.7480114535106652,0.1028834310982226,0.6208690423175551,0.8152443566484598,0.30093834283536847,0.4398065727411773,0.44690127538679797,6
0.17812992557339374,0.18340817345919308,0.3460173723655239,0.3730368825108421,0.36718146539320656,0.2590960984578895,0.519887943357641,0.43933398400527557,1
0.00380341215489588,0.2670678872307008,0.269474960693248,0.810128631397452,0.5804528642900236,0.5973422204120047,0.4502520736865577,0.691965377428991,2
0.04825343425987738,0.14325398496546715,0.3603531437312748,0.537297312355717,0.47138323414320354,0.5613827270480605,0.45003471832499764,0.3176259461996435,2
0.8109379979168699,0.16815007474912697,0.053551281593143985,0.4960092265735439,0.47995382801927877,0.33209793740763355,0.20822381389523328,0.6034180072844094,9
0.8314501226261284,0.3059678310038877,0.11458740920884433,0.42716535659076676,0.2601851745114777,0.3662125501923754,0.7547608641785855,0.3349945569213228,10
0.8412706972078225,0.3027886055607224,0.124205624163099,0.4701739800347751,0.2486292385331222,0.3487297381561484,0.8186628150062476,0.23984915004954072,10
0.7845442010949575,0.2611021321624215,0.1788934713002704,0.2672068867174825,0.7094300813863479,0.36286790294016924,0.5499995342128005,0.4725870738988892,4
0.04034232471828064,0.139892554121528,0.28682729446547667,0.5496862970275389,0.41605302671680067,0.24307292018668114,0.43939343249880586,0.5303301106342062,0
0.05566486699847839,0.13277089936156336,0.3028923596980239,0.46717290272426737,0.41362732540265446,0.21833635120892023,0.4412017269618694,0.33061368207940894,8
0.8994437074508517,0.3049513759186842,0.14333625182099277,0.48493618600225546,0.20429568406090864,0.34403363845857454,0.9093977594581308,0.31687352840015276,10
0.6731231520165616,0.28800994324632245,0.911452295575979,0.6390499200268328,0.6253904482958977,0.40831794480800543,0.6569141498534006,0.23361695941317548,7
0.04115299899894498,0.16298321662087678,0.27845673773767476,0.5441333791918348,0.4408061492944546,0.23125632144136843,0.4390438364867153,0.4478580269527671,1
0.8325215755504728,0.3089536965885955,0.10250160324443505,0.5505867442940174,0.13761807374918783,0.34191977230114345,0.32991011780114554,0.36119739402767814,1
0.09117986858472205,0.6380263855132065,0.1537479836853808,0.4741380843254852,0.69837093086892,0.2997047800953267,0.42818582755808837,0.3898427543573992,6
0.02388291836023143,0.16905310642589041,0.3284117396066448,0.6765676421865525,0.48889667280398985,0.6220461606354064,0.44541919564313975,0.6277322635403577,2
0.039765539235288194,0.17221281031367525,0.2774348123244606,0.5116848762267001,0.4569501309314497,0.21120060102984906,0.4346851512809979,0.31442123431741004,3
0.04990365432886085,0.1580876151991294,0.2894500187579426,0.49896917752697395,0.44142459991078375,0.2181552719612471,0.4409942228289343,0.33380268311821526,4
0.886718661335612,0.2780711706592029,0.105280520653767,0.6164205024515403,0.10299516382966806,0.30974764811796857,0.267803043309244,0.20867742062103797,10
0.00840110038804559,0.20896156547529646,0.23438437631294518,0.6566622480407793,0.4840721232949289,0.25572361260853343,0.4258099887967695,0.5980815572234814,0
0.060076245331644074,0.11197440899292913,0.3144192418468858,0.44092369662493947,0.39245801631853894,0.22074475169265642,0.44080318393040546,0.3251550521484805,0
0.01493666672756322,0.1854270492049539,0.2580684778328832,0.5160378691584081,0.4770224058688512,0.18804838928550627,0.4170107957977918,0.24534218885734185,3
0.034897457179336955,0.22957988163572052,0.2496342335655991,0.5885879628424366,0.5138787174077144,0.2057371662707002,0.4424417733610885,0.35257992680256944,1
0.8537439700803351,0.296598618330906,0.1591114068467682,0.5166211163756594,0.18335226447148772,0.3266473740693949,0.2799863131060106,0.2534186256350058,10
0.261371334934427,0.41815956846887614,0.8344575975065904,0.2780138871594203,0.4229239674684899,0.512427341057323,0.5925647105947758,0.5564414926891084,7
0.045702199157583445,0.0954052660188558,0.30705199308172054,0.5176218235561957,0.3688148536601059,0.27280887813644294,0.4356558042020442,0.5923500892396978,3
0.2645813611361886,0.3448132887176577,0.3703042313255409,0.04895755355960535,0.610447801233328,0.33378407577731467,0.5105343146041417,0.4942401016695228,1
0.8127926409454012,0.36512791499450137,0.5081926112839793,0.5743417065029884,0.011464884207395665,0.23888377305811404,0.5521444966030575,0.6669184336654117,4
0.17175554292934012,0.3284439125218216,0.34501102725214705,0.02535072305655217,0.6872361850968718,0.3176338352450246,0.42958716800610336,0.39236064124959497,9
0.11986469735593419,0.5501227308871738,0.21240260227675312,0.3688498404427063,0.6112020850242924,0.31112225976255475,0.4349758945958821,0.39496513066117084,6
0.6760527360667244,0.3995789268382578,0.8740427905616894,0.5249741891056392,0.4831937764469947,0.16526155630369724,0.1216759016269704,0.3144749321212942,7
0.013292284431125012,0.22803588124559904,0.30014310389179066,0.7164117482464616,0.5549556238300635,0.6036330282749076,0.44389223881316014,0.5306677453731296,2
0.08558628093070064,0.7213021872519949,0.11678431323178537,0.5874630124431193,0.7842727675755556,0.29990663100823767,0.4407133251660681,0.4471791031829255,6
0.9293097960834401,0.322781579696603,0.14178356722433189,0.3762511246863301,0.4236972141115803,0.33037238334788227,0.3133890506721581,0.31407825638023423,4
0.026291726933549864,0.22971504441465737,0.312681216325624,0.6542646450635407,0.5634697075525541,0.5729864915599281,0.4484967393852851,0.3487892357484186,0
0.04306463529407356,0.17180889124331178,0.3453524097676296,0.5732728210715387,0.500336460630417,0.5638247265149222,0.45115299547277216,0.328018489406954,2
0.1753948489145343,0.15687233107122317,0.3590088989167971,0.35068147087956514,0.5686131783543452,0.2288929373215394,0.5198477585369975,0.4811057947872967,8
0.9194686904949121,0.34792491668332903,0.45812535085327155,0.6450289827032213,0.15696610680839296,0.1692572221244798,0.4407141715201633,0.3110797871635555,0
0.8458746627067111,0.27077001084675584,0.18174876172179374,0.5498278402365862,0.2747593529935326,0.6862203971432392,0.5956572153597225,0.2620808839205242,8
0.04718998033830679,0.1522281492302544,0.35753058270804966,0.5507119389680745,0.48271408596051574,0.5714188429017076,0.4506775069869797,0.32172563795945724,2
0.022702792034020647,0.23344122155802438,0.3062691441235966,0.6461406838386822,0.5640913177801639,0.5558427024541712,0.44506070207259696,0.32089069220585137,2
0.0402250698043381,0.13464736588992116,0.2883001324811655,0.5537280342003554,0.41014126628876535,0.2552720052561905,0.4384253099892237,0.5617888244229402,1
0.8481511190140043,0.29836486710510207,0.13409608840705683,0.45738253947985297,0.33585402584133234,0.7214880877102516,0.18860087602629078,0.5677675351153012,5
0.04427495703453199,0.18255952347770726,0.27547353067946034,0.5294750338251194,0.4663953821823525,0.21341254044412555,0.44118755664963394,0.3386498094681666,3
0.05615338194527819,0.6310492050096503,0.11717839154905232,0.7013872863553203,0.4641028628491298,0.2982154941688687,0.4435949504929601,0.37256067706998064,6
0.8750554757475708,0.313704228581142,0.2577965147715873,0.3586061166085365,0.4609519230461464,0.6908363497179153,0.46645262089176875,0.5008294457858061,2
0.7253320862356352,0.36891903532866777,0.8805936174511844,0.5197711314405428,0.686347002510739,0.4778444600143176,0.07934602202604951,0.2628944123698015,7
0.03680568457426675,0.16181958800215884,0.27780324560595343,0.5231322258801716,0.4453690978269547,0.22611827025272593,0.4322573625741155,0.3812854196492659,3
0.8628724718987919,0.23806811604488642,0.16736501169404894,0.4682963860796191,0.5415193228069032,0.30403072874381193,0.49214293309766055,0.16063088603890152,9
0.13674405686871668,0.3563583163403531,0.2932706073546185,0.22663187945161956,0.21990642354142664,0.3516375467259148,0.43244571771813534,0.28632360202987034,9
0.8108783595489231,0.2492746179184913,0.11139636561358413,0.47518311270892144,0.45543490789956725,0.34844922051401134,0.825220254077203,0.2559426038514869,9
0.9053612421165617,0.3865014069233552,0.469646872451576,0.32635697503867567,0.46158818096394977,0.23377314204711405,0.6858057390328022,0.555849740732471,0
0.7445039952852637,0.4326457930919323,0.9256725037035001,0.3925930771236278,0.6879014152942097,0.5148169543108992,0.3631406369067806,0.24684380710273782,7
0.0419139534408835,0.17502805230691276,0.276104824721109,0.5286462378065779,0.45679125363497913,0.21648124116263892,0.4389377096278929,0.35973267345765536,0
0.053539240115948905,0.1274895131977596,0.3044362751107066,0.45810099794468845,0.4103962266869229,0.22013039720734656,0.43770884631904844,0.31679063859858886,3
0.7373917076696758,0.04478396017856162,0.24713233444517121,0.567425405092733,0.8123817961481412,0.5815953207236717,0.6082354442240326,0.38254585071977737,8
0.0566769030764136,0.6229688533309699,0.12067306853342427,0.690554283175416,0.4555167601097523,0.2970776556343068,0.4425584542234289,0.36734498964381485,6
0.06652356475058957,0.5854791165020315,0.14137460524119885,0.6441539917104486,0.41406776873449747,0.29854143681468,0.4439684579322433,0.3668204752001293,6
0.0815399614624876,0.5101970674537112,0.1854930118537177,0.5488707661338516,0.34458939183269083,0.31722926610228686,0.4404807336616701,0.33616851669548775,6
0.053557973733159625,0.14344070339517123,0.29674241392519457,0.4807035989025126,0.4236777246835184,0.216000382424253,0.4416832716465074,0.33479671159481494,0
0.035807786027470534,0.11608483027599392,0.28991782058314214,0.5750310058428455,0.38648582568602985,0.28510473693001304,0.43485439086546174,0.686803189099259,3
0.7473128526874464,0.35689551088437854,0.08720182228683998,0.6151011052171474,0.12324695173695804,0.3401183424266631,0.6680956415859793,0.3965998689664511,10
0.13048398983421394,0.3321149296227006,0.2985515704171468,0.2282151108345868,0.2732699815454581,0.32666840465764746,0.435143527558006,0.298146763452073,5
0.7711399239225591,0.31577897414759387,0.13998673707823917,0.5323592659052682,0.08255779133823121,0.3609340444526983,0.15204191601957873,0.4615960668389031,10
0.8932631065878611,0.34232178114473344,0.14607858599851972,0.2578369111877927,0.5546192342401641,0.3593541667097278,0.7989702154818552,0.32216942034128726,1
0.7909758314023314,0.05925015327429034,0.0878353381571082,0.44911199222196946,0.8742819838113998,0.26062226373151504,0.6106059729651687,0.5689029655429648,8
0.8693012277673233,0.3561488564650552,0.5253469667422449,0.4835505144871901,0.28766664051566027,0.5810937330385562,0.3658478853990603,0.6134649630139937,4
0.13829211896693508,0.39161978888364124,0.2802143655781236,0.24655743525637688,0.13118309572470677,0.37425458961979163,0.4322993063626579,0.26721692760113713,9
0.03005402772653809,0.1766638087729459,0.334303004881947,0.6490457753339098,0.504637568884259,0.6142048370240454,0.4474627365799909,0.5131840064036861,2
0.033423153707485664,0.19264917939455167,0.32737778495210246,0.6359135882246859,0.5162883895264005,0.5692428008588869,0.4519274831061426,0.43772847084662014,2
0.11378198784197346,0.5901362292741719,0.18769607940778885,0.42169131460311515,0.6453152219143703,0.3070958994279869,0.4392152150429022,0.41986601276321495,6
0.7525819823366995,0.06458652867205408,0.21067313413971994,0.5104211988687644,0.8943364258387309,0.6036680072119779,0.48448265991626993,0.525538533673281,8
0.13021315283891288,0.35315681599889936,0.28466444495272925,0.26850825073784,0.10523354614942709,0.361615394846248,0.43141087768885317,0.2607010947792515,9
0.03870638316105496,0.19246901587786497,0.33554811246931354,0.6023453009892392,0.5237189083224622,0.5666006803070054,0.45190568174149937,0.3331896874705448,5
0.11035859809043297,0.31986213882200387,0.28459416644259933,0.35049171046280525,0.2422857962939696,0.31130204658545074,0.4372143366301986,0.3120540879752395,9
0.7695885448746616,0.3328035925622144,0.16554747810335013,0.32456371198956596,0.29518923375463896,0.39870352110440044,0.525880998041389,0.5070486307964783,10
0.7201253144804987,0.47215858064063587,0.8936266102492706,0.3521382095842032,0.5373619933234536,0.5252566243239394,0.44212469671980686,0.4360862784995119,7
0.88199480317541,0.3287328150744951,0.17029848650237014,0.3400012295868302,0.43716813527126214,0.343959478832027,0.526624384230901,0.28766844110197054,4
0.7835239580283524,0.13672883571549027,0.1483369014136863,0.502084429992265,0.8819605601540922,0.2478855118311467,0.5874782044742104,0.3835863573684746,5
0.28766627299748226,0.49818495608065416,0.7623765039280219,0.13197183636271415,0.5240102632880549,0.1947118890172322,0.5801555897909998,0.5892228107409458,7
0.8785713277124652,0.35803206951125754,0.14281016175263517,0.23830501722358877,0.3730890101331554,0.38792819850711113,0.2983933171850062,0.5213148476594626,3
0.03158551811897575,0.7180957177857445,0.06431315688442588,0.8067953658714329,0.5515878455129449,0.28255471615592626,0.4395259487165123,0.3779179401655377,6
0.06553368853409519,0.8251121374521895,0.06460199370496653,0.717504647427796,0.8911661471055636,0.27267519481608515,0.44361269728132,0.47955678690101267,6
0.08609876265244176,0.717495441001943,0.11787105457236957,0.5829688130224346,0.778286303779536,0.2946067937796419,0.44122534841475647,0.4480547396864846,6
0.057056389666864826,0.12094470157039178,0.30905607170438254,0.4518382314517639,0.40236847631122197,0.21854245142072187,0.44014783943815905,0.3234620880171275,3
0.052396247693982934,0.1467682527110531,0.2960022553006623,0.48580501353420946,0.4300079408993805,0.21559998464014873,0.4417127099763468,0.3316937650806173,4
0.07751689889195079,0.5363223389435245,0.16825725989031473,0.5821936467741332,0.36157511396855735,0.3007546966298461,0.4437411701089326,0.358293065621166,6
0.8588585798332249,0.2525827737206846,0.12964510567648252,0.56407217059645,0.5177771164801137,0.2812792258026334,0.44741926937984233,0.17584591716777878,9
0.04537239075555255,0.17356349242016533,0.2797803488752757,0.5326389338318829,0.4555201798391728,0.205847516392277,0.44460195361579163,0.371087906243154,0
0.05412886747094603,0.13972966810518817,0.2992089623887792,0.47614916610612135,0.42113731031882284,0.2173073977984186,0.4413836321710577,0.33192142466583635,3
0.1321547379148931,0.4684604840806543,0.2539893770050212,0.2634128390770447,0.5298208316545964,0.3230070123771398,0.4289535304918068,0.35636732720856595,6
0.8298021947994965,0.1608734270618365,0.15365545582311482,0.48779518055619087,0.6963650457080661,0.27130528173468016,0.6108239268730589,0.2524827453158989,9
0.04417534981308918,0.6955608437953955,0.07980148432119583,0.7836274836102362,0.5231426555537777,0.282008655084607,0.4474963997983045,0.40210296046538346,6
0.8656482422433065,0.3742254773090369,0.5702254675885334,0.42653692235919377,0.3174824402634743,0.5801780443973796,0.3399607571924956,0.5806802020153069,2
0.0933709811884601,0.17706715454533178,0.32673617721034826,0.2965721819299463,0.5459888015095562,0.24309361322309825,0.4366618984965312,0.3551503793483582,9
0.03802471966730947,0.1891754746214176,0.3353847784664136,0.5963826543005615,0.5186011081865313,0.5556475002212513,0.4507659990920076,0.3287873527471934,2
0.10210789151735883,0.1688960025314573,0.4014673763215898,0.31348840079755214,0.5940118904444764,0.5959715259531617,0.4454394286250022,0.3527340971923193,9
0.0459398952644674,0.1542150022959568,0.3559963391028373,0.5527944420015838,0.4850189478482056,0.5702838757512304,0.4500656463738292,0.3195049432645246,5
0.8868289899526258,0.21247783650056623,0.5370124120246824,0.5559979012592403,0.6005668711488652,0.07063863936837789,0.5240958140323972,0.4287003168110055,3
0.7495253996363156,0.4167117608667101,0.9055336794769453,0.42154859708459347,0.5239983832445949,0.12398066954878115,0.39548918295995666,0.28443571382271127,7
0.7783699839979532,0.19918980961269117,0.12824323292952525,0.4533427225561749,0.4814121704657373,0.34081361708129215,0.1694594018802248,0.5318466790763032,3
0.730329652430268,0.15086220146667273,0.2114679390925272,0.6197601401971826,0.8369090704724067,0.6086647187121688,0.43254414831788096,0.44672515266240853,5
0.07505499814524919,0.5499854112149556,0.16048965936322923,0.5998830409149414,0.3749574919649691,0.2988674584707611,0.44470659857805706,0.36389255094888406,6
0.05040458884009669,0.15722995045777954,0.2897519449325508,0.4978022538213811,0.4395483181992882,0.21330463883087591,0.44151713023786066,0.3352739156681376,1
0.9001819568023289,0.23792820870690143,0.44062851690716204,0.7255163855961037,0.26235239635587926,0.12486146294972184,0.5040779818646259,0.30658695337382946,4
0.03816910182959621,0.1470949097324217,0.2815226487433387,0.5640962653940199,0.4228873358136832,0.2555126257999547,0.43772061865014333,0.5533748905370748,4
0.6428543177588993,0.24817359237580505,0.9135397916381253,0.7237720093920464,0.5418916996488261,0.4179418463219429,0.627841571857621,0.18469004823859303,7
0.04225550612878842,0.15710009835695138,0.3494439552153876,0.5525069959378275,0.4847477008826155,0.5593953444579376,0.44707457234944514,0.31233448484228593,0
0.6569520635335914,0.41127008208720395,0.8692292131389657,0.5078477485630903,0.20373788141764798,0.5401479358198705,0.4781242408720615,0.4191891575204522,7
0.8570161154733245,0.13138917324644495,0.591967333911688,0.6700890001625093,0.5468639200554954,0.03474891151257209,0.1884368592896447,0.6418851953013582,4
0.8561593305615499,0.3079794649365301,0.2022769626160762,0.5296158974923815,0.060479525380206456,0.3412639457655521,0.2747768067910532,0.4249805787477881,10
0.7110414114873345,0.08697560711371488,0.18626168335043844,0.726068302622933,0.546625736692566,0.6016276262852196,0.6768378772437209,0.3459502992557174,2
0.8559070514879857,0.27987414468661376,0.2015287125760658,0.5483528370158958,0.2415850688806828,0.6768371965034597,0.6618279345533472,0.1876558761375973,10
0.058958922513461465,0.09534468106193672,0.3181349761797686,0.47146390342624955,0.37098247922324223,0.24635193074332123,0.4427162870446769,0.46545848307231424,1
0.0031217577846329725,0.26493080852348444,0.2695275097413796,0.8140408420909588,0.5778658651828685,0.601018781492783,0.44983972149740786,0.7089593904423706,2
0.9243361756309103,0.3847312807338542,0.4525354710961528,0.3216530672939033,0.47885832645029097,0.23270357267805597,0.6520073765850596,0.5704366159536455,0
0.0300845234122486,0.23008781053000293,0.24663804284815233,0.585618488552287,0.5158472258560397,0.2049469984883523,0.4378014067111474,0.33652084479425065,1
0.042154065191669754,0.15451461127300728,0.3524515800391718,0.579706062397826,0.48358257968169677,0.5823064362287484,0.45014900774356087,0.3925678967076744,2
0.039983713178182945,0.20166549487658894,0.2648224532211816,0.5552641636594775,0.48508956856699176,0.20433187119320945,0.44286580995639085,0.345165374668337,3
0.8442552668201481,0.30515362090247944,0.17608391620006644,0.3644782366463484,0.4800663621598753,0.3628453524880113,0.05467389375238879,0.37188674724657556,9
0.04032102991148262,0.13539806918908392,0.29070594300149505,0.5033598161089704,0.41665486991697337,0.23809331690957652,0.43156757776166144,0.41199874197211295,3
0.08937909260478122,0.6802524788886939,0.136643688725014,0.5323311942149127,0.7440303464003277,0.30394031368747054,0.4350817855644127,0.41966574004437646,6
0.06848082317107473,0.5720031783174583,0.15192199627297864,0.627001265267093,0.4090105555795803,0.31232561018650323,0.4414699244081688,0.35086631950210617,6
0.1204020500085971,0.30189084764938356,0.31238586138710345,0.1268086896529989,0.4171475763444158,0.29911791883467814,0.4172363904482794,0.2591293057462398,9
0.7694355490656088,0.27681130376062335,0.16971381243002473,0.5425311766516407,0.19144671781749384,0.3659001476997956,0.7326160776583215,0.20432486225934784,1
0.7421126658170785,0.28997827579444446,0.11280103826731999,0.41864892534724907,0.28527272321015185,0.4131819272489129,0.6400926061350597,0.4530093117659734,9
0.794447519735642,0.12572932945928894,0.6796308413492317,0.6886592146583363,0.7180983644014999,0.41777562237765686,0.7715436212051496,0.39696652711287794,4
0.691771412045926,0.06044692359756074,0.18063307563243722,0.5206695917320752,0.7185960788376097,0.26013026932526634,0.5158376601832401,0.5037559983053304,8
0.835853120195409,0.290228542571984,0.14940234792339968,0.535699632010933,0.10685799006441454,0.3384160977507361,0.07726476185636716,0.34229344853234145,10
0.03596918579095337,0.2077887287926977,0.25874681639412783,0.5606604146809908,0.49220962567224885,0.2078830974477045,0.4388640622649782,0.3428493605639048,1
0.04542692619518257,0.18404503033591324,0.2751430509392577,0.5312453208459134,0.4659802654866856,0.20539032727951484,0.4425025754669059,0.34453884869057166,1
0.15671522761695594,0.36938451877433887,0.30607549690934077,0.1585593959141498,0.291157107978421,0.36347970433155175,0.431164962822289,0.31051556742802666,9
0.7810496402684453,0.07837792394820256,0.13323587740761514,0.6245885491023435,0.6658856895012697,0.23538082495420845,0.6046162078464368,0.29384630434326797,9
0.022934437151879594,0.7897254513696368,0.03539622104079926,0.9011191931476403,0.6347553202314626,0.28333146768842543,0.44516120795053254,0.4056349273152265,6
0.7491509865618662,0.46744412581517947,0.9398254328655951,0.4166042209618849,0.6992707849588368,0.5263401825346504,0.08809774434366324,0.2754794602256587,7
0.03710436541346579,0.17945709435723495,0.33879211523943065,0.5824713498879621,0.5101261045975201,0.5625489373816855,0.44736017773490916,0.31591099649314086,2
0.08287643598916411,0.1472978956988561,0.3269571186479443,0.328983996680942,0.5509004400276217,0.23138848289613892,0.4346337000870753,0.35199287219878295,8
0.048341251319133194,0.14654187250191958,0.36051537007173495,0.5428609137041365,0.4768624959168884,0.5743970555846086,0.45000728887965386,0.3197158108234589,0
0.23230337999821357,0.3951762967846377,0.7457902193187627,0.3747494373758274,0.17147392427418146,0.1625577093755877,0.5868311812307052,0.5242113467254249,7
0.16904903317017503,0.38710089138009796,0.32237538593277487,0.027249759522311345,0.5943592818420713,0.33341274427799794,0.4250798328767239,0.35005718814657305,5
0.2702264800578851,0.42628563402119957,0.8400466135134603,0.23631523632900114,0.48556954368227834,0.5141085801066152,0.5921396516789584,0.5690597884815203,7
0.7522201227561511,0.35319279103239554,0.047921927864137015,0.6734606031684431,0.3749690200834229,0.3024382638385177,0.5223158478024409,0.37409871976846576,9
0.8576718232795129,0.3725725119871401,0.4531996831910635,0.45780124295744623,0.2916455124339327,0.23072397348010287,0.880837102038171,0.4783248591472234,0
0.052044051950292824,0.11480686651304561,0.3088503003619022,0.43861692884302367,0.39764101291633946,0.21906804637929184,0.4333008487639182,0.30021854690403216,4
0.7125184537042085,0.06063514373353937,0.10089499936404842,0.707734656984254,0.4760738450967675,0.2550324144166374,0.8069179153548904,0.33207716831320844,5
0.02593706107284177,0.7771174521741879,0.03601298391613894,0.8861877492360598,0.6110254234574035,0.2791656644064552,0.4473969329107243,0.4152151928894472,6
0.2562466376691707,0.41816253081823673,0.7625291304546171,0.2653027154011933,0.33417978570621243,0.16727491028265623,0.5842462497553174,0.5588138584576227,7
0.7158927182827908,0.4588780430021675,0.7703624130996156,0.5117995838766108,0.5608929940743805,0.14675714930256603,0.09110338036501486,0.29823987415053044,7
0.13962983965135464,0.3160235127312982,0.311611667929843,0.20065221780904824,0.3536384726527573,0.3314263692028971,0.4332771050371809,0.323962569335183,9
0.058373756425657175,0.13264617915547897,0.31083197877559376,0.38757100766166136,0.4539049769640728,0.22582348324938412,0.4266022729232586,0.29668612840009584,8
0.05776036680604196,0.10330439040796366,0.3150930615265301,0.4552646785742074,0.38146154637968777,0.23444014723019158,0.43982921277285886,0.3942889322882274,0
0.8993142677502287,0.3479751290115744,0.43900338077465295,0.5464311221296558,0.15718395333391583,0.21111230983412416,0.17409666685936886,0.5542990649632632,3
0.8096484366587753,0.281311106264813,0.1668982310038651,0.3895177347390951,0.4826311483590344,0.3607301668947434,0.369943147499826,0.34939498190505724,9
0.11213154164737937,0.5843793089263635,0.1935018973923892,0.41324811916710996,0.6510109591951356,0.32325986658558475,0.4347656100808518,0.3967802603003521,6
0.03795218856713295,0.10400186289278718,0.2967413701174454,0.5578811825971275,0.37522369684972623,0.28767281765161434,0.4337526632228307,0.6769518503242247,1
0.8833633361226514,0.34612655622467514,0.16471146844975773,0.2307896846398083,0.4815528795401064,0.36075124773516254,0.02724826935613195,0.5489641760312765,10
0.05854024580411177,0.11893317773655393,0.3107358445376411,0.4498999600067935,0.3999680012347072,0.2197157982821549,0.4409850891395937,0.32646279473490786,1
0.010579760763637314,0.19122814361928145,0.31940203018539837,0.584670706949087,0.5321385128199251,0.5691918775231875,0.4230588081686206,0.2366677971411884,2
0.05526732807269863,0.09095705330458886,0.38249526740109996,0.5212368962071069,0.4048137382120334,0.5599338578605033,0.4718518277460101,0.5161569398280467,5
0.7453035428243067,0.13943013071215407,0.15144404542633466,0.4114727319115335,0.887144521839961,0.27789742958224845,0.43772995396078423,0.5808904731921931,5
0.02328131131507022,0.19802958586656091,0.24816701103485914,0.654954957472249,0.46947735006531083,0.26118047423444285,0.4380023922937353,0.645956065808281,3
0.04078030387249232,0.09777685372185654,0.36853771772787863,0.5835458980748098,0.41684710963972016,0.6258480745384376,0.4450606546837291,0.5977518539420169,2
0.6553370347442833,0.3530532168795797,0.7986265707121989,0.3972561392524838,0.7611512491752904,0.1415387093550491,0.6758178644330287,0.3470737076253896,7
0.9284897054233513,0.40432387440290757,0.4870147158663664,0.3845084298915127,0.5106879812795115,0.18379738481258076,0.6788963582764661,0.49851862678515246,5
0.032104624564495476,0.11226828082855425,0.2909699744618883,0.5468767541513412,0.38717233162490716,0.27663390845238806,0.42788990135520877,0.6094312261094649,1
0.018342561392228063,0.07851849259127158,0.23580756536209269,0.4651752522436348,0.3426942237020437,0.21730435051708769,0.44435201724664375,0.5359300969736713,1
0.7587724951004585,0.21499833644522326,0.10016491230331942,0.4170364812376121,0.5244195643350648,0.36322403123966607,0.6108093877901248,0.5236234314989052,9
0.027808213137089866,0.12446117631820877,0.34988907316798484,0.633678189041884,0.44503308146373977,0.6353343955024013,0.44066471386768047,0.6430204502195321,2
0.11758414721901511,0.2773937239095505,0.3716565094538848,0.32147049447114534,0.3622679146674877,0.6594936573227543,0.4453462123152086,0.30490611021663827,9
0.17629784843631094,0.5023335822546472,0.6323428051503142,0.29808940752757807,0.4921426264479131,0.17700112037645338,0.5043916718437971,0.46529619716205584,7
0.8034931531213958,0.21790322404327025,0.15218537730574658,0.43157064177664706,0.6287052438453493,0.3171712500486364,0.6538511296304107,0.32190232091404003,5
0.044670608570349046,0.1574985854129468,0.28410412996630463,0.5310718828566654,0.437226832531423,0.23360435344898883,0.4400982361033814,0.4274743384725426,0
0.047985840913914224,0.16818767664050896,0.2841790539761314,0.513545989936934,0.45146938512549767,0.21024958732304605,0.44282297194172365,0.3385244219397829,3
0.08094679531583265,0.16398194712672903,0.31843338114068387,0.35755868207660557,0.47277285870798375,0.23531750647911054,0.4408304123777728,0.3456104902435624,10
0.09684127583991414,0.6670482659449378,0.14560314530056634,0.5188771290206123,0.7264871706805941,0.30144528571858276,0.44002295110686507,0.43515979485953415,6
0.026146715447219582,0.17379360838023356,0.2620641542387545,0.6201454576582719,0.44974061991380826,0.2614035255587749,0.4344851109177906,0.6215934692543338,4
0.05901810666984819,0.09506555810848455,0.31832015308117906,0.4708829320817351,0.37043019166190294,0.24530620812715104,0.443370457596774,0.4672818452441961,4
0.0442439061373191,0.08332298231619648,0.3096280130533655,0.5215679411576557,0.354484620659853,0.2834019840341894,0.43396912307259816,0.6440402225580922,4
0.15963018691106573,0.371534268826089,0.31803719631576977,0.056559339467395386,0.5557162317199965,0.346334190214697,0.41570386073358434,0.3210211375745972,5
0.12944402143168587,0.2918954145367874,0.3118519386191239,0.22799684537543957,0.38304495490581636,0.3150371028368081,0.4336585767207193,0.3282134033988948,9
0.04868145256838652,0.16600432891527575,0.28459692828094985,0.5087159415783136,0.44764818746560964,0.21196140760717574,0.44177526888672336,0.33878700280487745,4
0.9007844434292926,0.43759510628061105,0.4954171130292667,0.3934216876342669,0.5038126674536566,0.17702606224678946,0.36696646297262747,0.6703864412515075,0
0.042020663372475786,0.1655641718904194,0.35106793793297325,0.5596589947227613,0.49841301069678384,0.5756961583011653,0.44768768158363625,0.3132342233759792,2
0.04663258578408841,0.16223010712859004,0.2862312317529258,0.5066989198317133,0.445797902090689,0.19931912427657503,0.4424418738969165,0.33022162834281577,1
0.03269042611037265,0.15787702040548462,0.2707578084734624,0.5945900480748979,0.43083198626625124,0.2578108071492195,0.4369589809383322,0.6090516793718244,3
0.8782943877636482,0.33525087216560184,0.16206552248169478,0.30018651957761683,0.53450977229653,0.3535538918454336,0.3579319735895888,0.3982162754304075,10
0.9233153011023307,0.40114999247654,0.5403286502556555,0.31376714741560296,0.4796629012013307,0.22075513477300154,0.6500819283134932,0.5422418685013654,4
0.1032977640436254,0.18746013887069232,0.33558551500247585,0.23048094057862317,0.6752217203617635,0.2414713138308987,0.43066717543410776,0.36989333298647264,9
0.07686870533786755,1.0000000000000002,0.3663159657475887,0.9275388102483972,1.0,0.09880458916163384,0.5184257430715101,0.614154075879,7
0.053557973733159625,0.14344070339517123,0.29674241392519457,0.4807035989025126,0.4236777246835184,0.216000382424253,0.4416832716465074,0.33479671159481494,3
0.14993377888235115,0.35594828592665,0.3137474326465993,0.11063114949956004,0.44097269126756433,0.3330280881980721,0.4272017832454774,0.31531179877428883,5
0.03909067032510999,0.1321968240415203,0.2875730950086189,0.557618116371182,0.4063532341799797,0.2656129849670771,0.4366072852663206,0.5849973184324821,1
0.11159586287091638,0.16741440178283382,0.34845344259381594,0.21232287488796964,0.7146016195262758,0.2376743006200432,0.43423500332459153,0.3970124165932756,8
0.05561279002820235,0.12702686428165436,0.30568733173961593,0.4659717084346392,0.40846001748353583,0.22363171399066956,0.4402646314887385,0.3447887624529423,5
0.03579955875331914,0.20101024364914677,0.32825865537978555,0.6056118598259924,0.530156557369425,0.5588051266775564,0.449972635150029,0.3201733835106697,2
0.050772195284782495,0.1536181827509063,0.29106585840633203,0.49312516137779816,0.4349934854923104,0.2158489342236299,0.44113623302900845,0.3344664027459042,0
0.05660669890089726,0.1259008594769941,0.3068125920346177,0.4577262392497874,0.4074612530226318,0.2189182907553913,0.4402138172793228,0.3259072282028924,3
0.13114434349259857,0.49796075450295635,0.2416832494754456,0.3048225489401766,0.562475250619609,0.3320301750164632,0.43401187516609363,0.37695360991268906,6
0.7091232301743434,0.23630921978315386,0.8739497756866985,0.6986152579766671,0.6563065873827347,0.3441188056146426,0.34583044879244873,0.17120897645976227,7
0.045702199157583445,0.0954052660188558,0.30705199308172054,0.5176218235561957,0.3688148536601059,0.27280887813644294,0.4356558042020442,0.5923500892396978,1
0.8448169556529439,0.15856699313304864,0.6493136837101745,0.8106437154378087,0.7067783435253332,0.7916796205975578,0.5120152551711273,0.32512577666260445,4
0.04450841696379937,0.14939654812983455,0.28973673110116616,0.48299127920111196,0.43374743811940364,0.21402143727936304,0.4343643580009031,0.3082045827879488,3
0.04560653243223606,0.11964136242300763,0.29968266366863117,0.49220660006850114,0.39803618353728243,0.241091374274847,0.434363404831838,0.43735301664480286,1
0.93343974651189,0.3860785723882136,0.46489205637003284,0.36931583214404756,0.44008518950338393,0.21563876861678782,0.44583367425585446,0.5452108929081211,0
0.045080767397025934,0.18300987666444912,0.27406330707249055,0.5293542610394331,0.46423640440773767,0.20720666538712557,0.442175921613724,0.34315325846521577,0
0.03515500134422961,0.7366107068340826,0.057520729420269145,0.8353137095517293,0.5665497842443966,0.27945539120273194,0.4477289395234204,0.4101127912273571,6
0.03150068193993094,0.7512576186380404,0.05022833425301709,0.8535792881761906,0.5842966594716619,0.28161028073972655,0.44703989070584726,0.4091187627507573,6
0.6763826315866008,0.28822150372174016,0.8981413733571092,0.6508006969504274,0.6050505673460472,0.4110719730875574,0.11574025420242534,0.32384967919722496,7
0.7927913062567881,0.1525389485999581,0.17606612300672744,0.4803478345540345,0.9246844087638031,0.22728943522968986,0.3522817466194656,0.4586593975070003,5
0.8458175300824321,0.2741239304776445,0.4860203484716693,0.6390714757560478,0.25302561798590506,0.16810228529136917,0.7774775047434389,0.4318641610866002,4
1.0,0.35672309154081705,0.3527713284725505,0.4649988673803942,0.37561240042955,0.210509288655654,0.4044292151492612,0.5667013227911277,0
0.0191837308082638,0.24189109123450944,0.23066870640696452,0.6362340160101219,0.520491333345096,0.218192408763377,0.43537897944619774,0.44154201534463533,4
0.04482116323741442,0.1833752493764636,0.2760259734576953,0.5360434123505159,0.46619635165884005,0.19439541739462451,0.4460579340295644,0.3457241901107235,1
0.7758363034993342,0.31453905553633565,0.13868002781645675,0.3962644202019568,0.2205723210010761,0.38855559406189305,0.682407362597576,0.43397236000605277,10
0.769692928010518,0.23729292248758405,0.17884798374964753,0.35078940401073044,0.6433160503511249,0.34546317051895953,0.19029283021120114,0.5399318628581928,5
0.7537797081077131,0.33158038862584954,0.5019075641499445,0.6370604012275402,0.21529299002636404,0.6083383270711671,0.6770315093999122,0.5386330100210983,0
0.8371754494748391,0.33307135902064966,0.5024214845844389,0.5594359948596989,0.4979087421708975,0.1473482290122247,0.6231244748468875,0.42194710388826606,4
0.04275947400381619,0.1559465302739898,0.3524599754271468,0.5776051680892234,0.4854512891130935,0.5827564631644975,0.4487182866537698,0.38216666778456015,3
0.9600386787177076,0.29437523043280955,0.04881957100909545,0.39889726179470325,0.45820199166909237,0.334588398729746,0.487183944696437,0.35363387181336053,10
0.039346303268634475,0.1401540167366101,0.2866358921883775,0.5278394223099622,0.41847882187998364,0.24509236848237453,0.43395896066408063,0.469919165337059,0
0.05412886747094603,0.13972966810518817,0.2992089623887792,0.47614916610612135,0.42113731031882284,0.2173073977984186,0.4413836321710577,0.33192142466583635,3
0.052777202569342485,0.09366098646292251,0.3791373686805748,0.5372739018193847,0.4092661077084874,0.554379418179431,0.48111383766076393,0.557067359448935,2
0.12621754540908667,0.5099034481692694,0.23000119531033175,0.317602662974074,0.5669793977810021,0.3187166592356996,0.43306403481491235,0.3811737585889542,6
0.8232764298266404,0.2830023635712156,0.08808659518288584,0.5588989925639323,0.07309193872129799,0.3555990941318481,0.4359151369591153,0.3645930461805038,10
0.04729557293553066,0.11672352681114362,0.30121666665987207,0.5138641847567159,0.3929503246674375,0.24718135631378946,0.4392333144096254,0.5088679300315095,1
0.7678920898117787,0.30652111864831955,0.8260409488314658,0.48493525450149566,0.8039456870894155,0.021159962356913475,0.35519990739612084,0.1734541580976841,7
0.13422256529151486,0.34698044262527067,0.2950804559210591,0.21394630258776115,0.24683048612079436,0.35233930662522406,0.4255191962930418,0.2754496629331701,9
0.027251518390231377,0.23380175183236807,0.24314253574860187,0.5928299466940941,0.5179348201513312,0.19067058873855333,0.43929371876054785,0.33622929477418195,3
0.07434673235484718,0.12961037141181617,0.3216457651491664,0.3915452731944446,0.44902408426663043,0.2293561839913461,0.44086405850879656,0.3469054473011321,8
0.049512590329489126,0.14701351155110387,0.29360800290740413,0.48322496592610037,0.42990714089849763,0.21577273745121092,0.43859570224864997,0.32295135307908834,0
0.04732833915860862,0.11014884378412979,0.3706221375833159,0.5174169095565668,0.4352568823260866,0.5775099579398002,0.44424332990186877,0.3680890464024839,2
0.02609050110894695,0.11184862951609745,0.28725783018716666,0.5440433081780435,0.38815420341168416,0.2767790831578566,0.42199895990596237,0.5965997742396466,1
0.031631140353372,0.1669484352915394,0.3389029938065383,0.5903659022130473,0.4955524418963795,0.5756705707673415,0.4427362323458925,0.3787520419870369,2
0.1186487243533077,0.5704626604528156,0.2069799503187847,0.39749160373299786,0.6412705243183351,0.32674294110332713,0.4368438219615252,0.3992631639951639,6
0.02010637555541861,0.13581497898480627,0.2794942466163793,0.47457013471012205,0.42430534818326326,0.22557136467604721,0.41049624501548737,0.30105490270436047,0
0.66114699601493,0.4628557789200588,0.7769163724258575,0.3884299765202701,0.3512016094310809,0.20504800695795233,0.45468257364803527,0.47377658175464116,7
0.0507242832594611,0.1499724526979408,0.2931471823007166,0.4881889390508618,0.43270616518404664,0.21705435679888313,0.4402399747806738,0.32952637598491236,4
0.05820054159651733,0.09620743910102678,0.3169056203324176,0.4756948056526302,0.3708929325777728,0.238076412147622,0.44849477717701525,0.4884332409842147,1
0.05438974586040063,0.12222085454074652,0.3713312774101389,0.5109079473329208,0.447565821352217,0.5603815928097398,0.451369809886331,0.3189056058327155,2
0.04870211117284967,0.1422719739850224,0.36043517741249825,0.5363030061451765,0.46942409871832014,0.5559517921225,0.4508587815210683,0.3190090995296992,2
0.044373537817884834,0.1513365040828008,0.2884850042521947,0.4847560860811382,0.4344201761829448,0.21428746126135365,0.4341394356534331,0.3104980065581279,4
0.013714626621753878,0.21235856297428107,0.23432428183466344,0.6921828493895648,0.4816207478329894,0.26759986785493367,0.43487663826250883,0.7018191332661889,3
0.7963847977440517,0.30385048547984705,0.14268932288446967,0.4537504351775555,0.18067972132766352,0.367075690038834,0.5909010996713154,0.35891471375590395,4
0.05277903313449428,0.14424989357411985,0.2972935035975598,0.4816962348095001,0.42776527574283646,0.2195347190344819,0.4407775850066586,0.3296517957737142,1
0.052021974205627486,0.15039947213879606,0.29305901661594985,0.48967986228436655,0.43118770959968666,0.2149714290137515,0.4418651768556957,0.3361044541812423,1
0.04825343425987738,0.14325398496546715,0.3603531437312748,0.537297312355717,0.47138323414320354,0.5613827270480605,0.45003471832499764,0.3176259461996435,2
0.04971920102607935,0.11545127565732827,0.3042122924120467,0.49356544583546746,0.3937566582416562,0.24710362756964285,0.4375500020175447,0.458406190759726,0
0.09724993943149557,0.6708140999008939,0.14570295887646112,0.5246361138852818,0.7333684574118654,0.3062406874487045,0.4407324256378363,0.43643678684943743,6
0.02753349117910625,0.19204612969616278,0.32708371457026547,0.6605560696101083,0.5207547149985055,0.6042521491737527,0.44769455924277124,0.49767632344625296,2
0.03061177899691203,0.19050435355916367,0.25917165697488675,0.5846182758432857,0.4676069704344308,0.2319084686732894,0.4362148395738204,0.4671504865690281,5
0.035747367577289024,0.12406950331193797,0.28933619498731494,0.5314503933609265,0.4000593785367619,0.25692375604811457,0.43046798852047646,0.5288157414528254,1
0.08982057348488165,0.17195870622118797,0.33194639697494854,0.2243334890039415,0.6325096994789897,0.23382819989355608,0.4215058065249576,0.3232370914831256,9
0.7534977496229569,0.22580291279591214,0.12448190208338611,0.3692540900985317,0.5824860800415727,0.3662315912397818,0.41543161805419176,0.5982744411971063,5
0.03371761827745312,0.7326821122793306,0.059797072697686526,0.8287991373947068,0.5659371036229559,0.283316202075682,0.4447730591048293,0.3982714478259686,6
0.17987286218433407,0.3672833489059249,0.33721788254642937,0.001401986637562247,0.5674840746128699,0.33753063299413255,0.4295477916540555,0.3616944101111599,4
0.26857474212213417,0.42390418050779466,0.8378181843533721,0.24199442701494012,0.4730574126600544,0.5189933191536933,0.5929343690301474,0.567654770723977,7
0.029755442621448525,0.2123751575435135,0.3204744513285207,0.6226420455538255,0.5433741292721512,0.5598503623732666,0.4475030086290139,0.3233518101316705,2
0.17257113534815036,0.4014722306351475,0.31265781577981266,0.07941991767729756,0.2898703669216577,0.35584711117684126,0.4384009775818568,0.31532313751600827,10
0.8628156677319343,0.21782293232719202,0.4983726139012966,0.5028853951919964,0.5370541413568314,0.09073403800146743,0.10716604408219016,0.7263522507239963,4
0.023310628874050554,0.23342208088499028,0.3064192639232667,0.6482158174053969,0.5639835418824148,0.5560968822784257,0.4457015296644526,0.32359557650015014,2
0.8004621525629636,0.3309396043063437,0.30649793057996844,0.36424398842411204,0.39181590620003015,0.7308060976150383,0.6213380715380697,0.5241741198013596,10
0.747218608886147,0.1019420334723154,0.1973819981678214,0.5906981238056472,0.7478447281010114,0.61841537745235,0.32363760272108544,0.5029619060930693,5
0.18179491222051983,0.4061283036040476,0.3181175656171653,0.06125295597393199,0.41923499659026764,0.37644218762230175,0.4293128154149277,0.3417384477568584,10
0.8046816047233408,0.32171525386850874,0.0872070579751919,0.3318257992678313,0.3005839245930635,0.40773392135414765,0.6693755286073084,0.5576750624988707,10
0.03515789113032258,0.13469751796648527,0.35029605109358586,0.6088403765724703,0.4552968294507442,0.6088608900375083,0.4454884917405135,0.5474839816491723,2
0.04160601357458665,0.1856871757079228,0.2716909653611835,0.5312590267998397,0.46812250949351863,0.2068282015044366,0.4395043053667389,0.3343244240383253,3
0.7846401338981662,0.2942279590093631,0.1927780915682653,0.4823109417178986,0.17492391073513058,0.7320734890896943,0.263817439096454,0.5091934185228048,10
0.10567515280537543,0.6337653611492102,0.1690683792120345,0.476406340983791,0.6951799885350609,0.2974501048763999,0.4399142343717779,0.42921099849436556,6
0.018233438322700746,0.24487343420969873,0.2992161400865035,0.6877983926674726,0.5761493896124649,0.5769141047290498,0.4461720799052028,0.3969128529842494,2
0.09875057730270481,0.6558353442127485,0.15252610047019258,0.5045342465852045,0.7175052819221182,0.30604479158884784,0.4389768600844152,0.4280693362442448,6
0.8347615922700798,0.09429128215634375,0.07024602021512152,0.43073426189311514,0.8836790456271846,0.27024927855078695,0.7184392157707938,0.4887969748912582,5
0.05125348866531265,0.15356738973019765,0.29136547754916203,0.4934221088235952,0.4347966344867701,0.2159279507251838,0.44160026999333335,0.3360723120103375,3
0.04022800114794267,0.18790950140672674,0.3375977143400467,0.5966507254150538,0.5177059026754196,0.5615189788613648,0.45280690746750907,0.33467948593503016,2
0.04308206145276078,0.6793294729789459,0.08961704493663325,0.7607330726638921,0.5160680749524188,0.29424171773237234,0.4415921686579006,0.3735801987800357,6
0.0018323120802697934,0.19169104035089546,0.31350733988877705,0.6119241452975478,0.5317161006779834,0.5880560440152998,0.4191088254617961,0.32001676130815415,2
0.07382037591630736,0.5161276936849584,0.1776644923507787,0.5514825782506313,0.3496246143461218,0.3107171435491726,0.4342921751482931,0.31891260446278,6
0.7921226017761972,0.231816819680949,0.11424092603998529,0.4270952111694403,0.4898974334939176,0.35417356758836555,0.7656136394557704,0.3592777769175546,9
0.6398298945399049,0.3111885720782163,0.854419049456349,0.6316762097962297,0.4693624942795056,0.4599925258182401,0.702643720690654,0.26416211822489477,7
0.15502504282639165,0.39128067347692885,0.29724069722812213,0.17444769150186246,0.27164219762941966,0.3720939131060598,0.4298255642096901,0.3026166663505536,10
0.7494020330867694,0.04574559574710743,0.11506257659134972,0.746450503483691,0.46986779140720925,0.22943137562224813,0.24461723918066822,0.3754914828697079,9
0.03701188727085736,0.17168403499121776,0.270063209531878,0.5720245696632797,0.44817436878024225,0.2359993152298934,0.43911130228576833,0.500493035642894,1
0.2428586807275058,0.401016982674963,0.7533446149139753,0.325557213567485,0.23395167144865278,0.1599599811576917,0.5866451654646805,0.5379424521482188,7
0.7843412677870591,0.0726866879827964,0.1639967932085821,0.432812782453516,0.9539798915091822,0.2371238335188225,0.7880015626019569,0.3875071565333358,8
0.9054101227450747,0.32008566282501205,0.13564129250081775,0.36191095097071857,0.4010529422971834,0.3462784617197937,0.27217264707577116,0.3689134433512311,8
0.8668183893913457,0.3624221592241103,0.43985386884963357,0.44973207142035826,0.25159653798084447,0.23961478299443412,0.7718127747646687,0.5664884617512447,4
0.08392682482652858,0.9525471570520996,0.39001110320955895,0.8654016993092523,0.9515269122310985,0.10448905292578145,0.5148061178743888,0.5924326142018496,7
0.043431532656328986,0.1676604035857533,0.28068223512455887,0.5070443229011324,0.45119223707308787,0.2125401973020379,0.436947745125789,0.32193775702712124,0
0.6961436950165198,0.37293593762932065,0.984236873363293,0.5468513145646637,0.5951900869977759,0.48693873944558175,0.6012495115000335,0.15929550322930375,7
0.8532882001181867,0.314826328162222,0.5150920316195732,0.520353913038045,0.4561044389815738,0.5713449690642796,0.5021437271359361,0.49155582644870194,3
0.04991508094030861,0.1610692761724039,0.2869090708431205,0.5032105584626118,0.4412381088805506,0.21263546022908425,0.44234672154033366,0.3402874836966483,1
0.029196196872083857,0.7613843049730669,0.04485139787698461,0.8662977980972731,0.5954155692749136,0.28153784904065715,0.4469568890526732,0.41039436316627986,6
0.7343018564260249,0.02209087706588589,0.17469303815611006,0.7061914783264125,0.5375719542972193,0.2097012063791619,0.18211983120826003,0.35139760374303186,8
0.8491919226170216,0.3559722036986091,0.466574679836283,0.5019217352484193,0.19348593331505576,0.22865108946241394,0.7857849536838615,0.48111431809855404,4
0.5588623105312783,0.18916072004811768,0.8005165410506316,0.5900476087395055,0.6631612939446565,0.081059130544996,0.4679883787420908,0.4788540003141075,7
0.6898438978617816,0.41095676956641747,0.8298149134017186,0.7005017832253789,0.2349963214098669,0.1354886723387885,0.3654818504118146,0.17481232307875294,7
0.8563688553537149,0.29663430128275664,0.08727342440731786,0.46303021611740924,0.19628208746293824,0.36373921562124634,0.28646010205576605,0.4488296430396958,10
0.9000226424233038,0.33996106366994727,0.17843111153164692,0.302682969980999,0.4974156215699723,0.34238589839554,0.33924981849558583,0.3318893152425515,8
0.016075414154553824,0.12543780244338393,0.2793817045277817,0.4947349952378409,0.41133110780962423,0.24592407025537788,0.4081919109804505,0.3919491738010743,1
0.09678236749055952,0.25080839565790103,0.295913921705242,0.35730411771389026,0.28217923012808777,0.29918257338502,0.4364803003938485,0.30337294591543246,9
0.9498604803760622,0.4602800013498324,0.41755765290992614,0.4328026358433876,0.5555145425429859,0.1954911956275281,0.5156004034939069,0.5530347563945305,0
0.6776469767459867,0.038214042360371986,0.17272267251978343,0.6331263917655844,0.5742288297652979,0.2447303074365001,0.5269864851152207,0.42826975277233126,8
0.04087026879512995,0.17714100862643212,0.34205580072713426,0.5798771781597574,0.5065169106527794,0.5642883913875141,0.44979041426488126,0.3255278468402275,2
0.12241402054820422,0.5437575851143057,0.2156857041232569,0.3629314141206681,0.6060916801720003,0.323715332298566,0.43612078190198783,0.39519026300649174,6
0.04552773357725287,0.11787237175994844,0.29877438390361316,0.5207913422664082,0.3933131668992975,0.2577972486136293,0.4372176428664673,0.5286518242536176,0
0.14612122870326064,0.3761817621056099,0.30140118659328985,0.14781345033882315,0.4905761054407591,0.3371875728170724,0.4232586531228447,0.32574330930583506,5
0.06016194037820649,0.08960342901362925,0.32179860155598344,0.4586834472489904,0.3594538781491725,0.22474159681105646,0.4560797348994393,0.5029342418415554,1
0.15416444528304005,0.3753148670489635,0.3012713842019949,0.1743698393247362,0.2572238515858899,0.3636603696315468,0.4327753146742677,0.30456347532479267,9
0.8901877939357686,0.2863849153109098,0.11966842451083928,0.5493863281424208,0.17146011616787044,0.3196687838314079,0.22654724523116207,0.2533167098371437,10
0.06619157035639478,0.7969966850232693,0.4196354572902043,0.8984689884266281,0.5627213180304383,0.1297533252043298,0.5157343592713013,0.4958821586380299,7
0.013509648243626327,0.08160962438538927,0.2976140687558361,0.5274690240312843,0.39154822594853106,0.5634268058252918,0.4557701837570029,0.5299397993392234,2
0.8880896317322189,0.3541730905857435,0.4754116214486844,0.5990578282139905,0.18220616315598603,0.18478163748368723,0.5832153208476556,0.3289034855428745,0
0.04675185335497878,0.10429393177848878,0.3043249700150417,0.51371420194823,0.37785866146754804,0.26332255329252996,0.4367625641827824,0.5545158847703275,3
0.8449430447486626,0.12288013152086957,0.12549367881808374,0.44254796194681184,0.8830858629386567,0.2582167234864192,0.5131959274478461,0.39528864441282974,9
0.7719654235445683,0.06168346868283389,0.16637741322137026,0.4901210730870947,0.8233841855461677,0.2395286416075187,0.2459566872019718,0.50142493008123,8
0.8385099571492346,0.21080636071982156,0.14613024838381897,0.42851211550002366,0.5887987751912631,0.28658121805901504,0.16797505122665662,0.4215474879898134,5
0.7847136716177835,0.09609440623142956,0.09096802193361514,0.780891852100017,0.5443484107770475,0.19826283452741764,0.3488104747034511,0.30035866685756185,9
0.047766581209944314,0.1330404673678919,0.2988714642376808,0.4616095577589286,0.4178454487949124,0.21933561874693117,0.4332125952089392,0.3020117261365445,0
0.04933373214417158,0.1624215840499341,0.2866871511186889,0.5050153806267619,0.44425714941748085,0.21390625975371536,0.4420055812382969,0.3380499969754309,0
0.7030848955359639,0.14494769759721704,0.14270839479011538,0.5445094862260199,0.6027276747019028,0.27214288315710855,0.6270382495590078,0.5235589206113713,3
0.046746236884594394,0.17162260480367822,0.28270919710026876,0.5208330710287572,0.45482350527525506,0.19526083590316937,0.4451669276830348,0.34026658453274183,0
0.8564197922851575,0.3352393088251331,0.5950980864056199,0.5380528787062251,0.36457920614472256,0.5720631371568108,0.4515874678016187,0.49086878645606463,4
0.07698177865364803,0.753847581927251,0.09955185647175821,0.6260190401657255,0.8176856838857287,0.2852754033037074,0.43928839081970517,0.45047825796219343,6
0.7384281433444164,0.0677763481138248,0.18317958646407687,0.6934676926421466,0.606643209365326,0.6031865817187085,0.5417831572272823,0.38200791556767005,5
0.8698425514956369,0.3256261734404388,0.10813694047209518,0.46551143932119327,0.271693082565821,0.33813618108359167,0.14453762099556083,0.4181582744743772,10
0.8673037385303255,0.32404714548138347,0.10103918939186166,0.3496283513307277,0.37543602606336934,0.37475405630944997,0.5120223148002405,0.45254592316066816,4
0.050101246131389165,0.15863073289771087,0.28867700936114576,0.49978136378413657,0.4403560893883959,0.21589173487564925,0.4415587691667463,0.3367101122180987,3
0.05628790412655005,0.12411261916179331,0.3073625326375947,0.45558047799099255,0.40597740119830533,0.21949897313215422,0.43988293257579675,0.3234299458462226,8
0.9170071100638192,0.34524708099187096,0.44857599830591177,0.5432002490757969,0.2091697705446704,0.1910954985493287,0.6773995000155653,0.37562715732254887,10
0.05205299145134795,0.14619441757200408,0.2951534753428272,0.48930891034935,0.4279804114256763,0.22101735323818852,0.44117941399827976,0.34738164097797464,3
0.6436246217212799,0.27665366127078,0.9598663115038324,0.7083100897141352,0.5118801146098452,0.44822220381989974,0.11182238339903022,0.2586131105825451,7
0.047031190182518945,0.17379413750660372,0.28071757639131834,0.5207174311546379,0.4559603295047356,0.2079498343879136,0.44334601745294866,0.3420696512474276,1
0.12979277098914627,0.6065991161354736,0.5632814677524397,0.40993595183786447,0.6118105853723483,0.1699880556925276,0.4812665561416922,0.40140304857393283,7
0.850253704403898,0.2647710008855766,0.13782988091582324,0.5964615855345775,0.1303026982569045,0.6964127372449627,0.5169653596030679,0.3215201565095661,2
0.6237206668929491,0.35993390479245035,0.9635605639807931,0.4153479940214716,0.7610322912537802,0.5165090480555389,0.46340007711270087,0.45261734693692846,7
0.7695917749064142,0.42664038208842975,0.8853990187491849,0.5275281957493158,0.40174910932817354,0.47810176120158093,0.5798172538032744,0.1480156988838155,7
0.043150006771962846,0.13121305941556077,0.29214375220697,0.5355727020507945,0.407131181494781,0.24677498254547048,0.4390075411770293,0.5222602233398308,4
0.8766942378861697,0.2842184422945835,0.06651930866742564,0.49641699461537053,0.1749460972821718,0.3544142369481253,0.38080575332454186,0.3926525956946962,10
0.04571327188518637,0.16102078192900826,0.2848564138142566,0.5059356018663392,0.44334919726673844,0.21612698930692492,0.4387667059382715,0.3413420132683719,3
0.05887269549408153,0.09555592578199193,0.31770326826031825,0.4710344460269792,0.3712200704668281,0.24713107518971517,0.4420672582527553,0.4640857654304764,1
0.11132313314014813,0.4209728150132168,0.24843055567894246,0.3730219196413956,0.36161730595048125,0.3145524319220634,0.4374928095239714,0.32672351338439726,5
0.6965074384035719,0.4545555198540907,0.8312172761839025,0.3203901827361707,0.6350718290390509,0.20498303808966184,0.17547104175174955,0.4432717130728638,7
0.6583395612298792,0.24565999152296678,0.902971169474849,0.8136777526286586,0.5437360632945212,0.3958912342992078,0.34251461015011014,0.16994616846670105,7
0.8258335758075583,0.08542996601799624,0.5943948907035783,0.714372674619645,0.5480020807511313,0.005144570791392411,1.0,0.5239384312567547,3
0.04882266676253999,0.14580094402572272,0.29175618945380327,0.5061151904301305,0.4250415443226502,0.22819691492980476,0.44038958923540056,0.3971365491078608,3
0.03472541227320808,0.19735193012485286,0.2639845220794372,0.5473703735022138,0.4825163025491153,0.19477271410872302,0.43860230446713383,0.32441443294843986,0
0.04643495760535987,0.15483125901613515,0.2891323196925232,0.4951618754181882,0.4387044448173379,0.20300561367480094,0.4398777182354703,0.321760590993008,3
0.7167442716171492,0.058435722600852336,0.09695921820093462,0.7286416439127648,0.4555187510155037,0.25666151547991645,0.727688658587906,0.3444188056143468,5
0.8624893275689157,0.32900207641179274,0.19089793950964234,0.3181944325016438,0.517028228889672,0.34397459554856075,0.568959209249687,0.2885122687612766,4
0.040257114415031714,0.18397460432380267,0.27160726593709555,0.5275730076502526,0.466880642263795,0.20753647821976168,0.4376103678126186,0.32787321382451595,0
0.02256052055457236,0.14801712500444858,0.2774508485883981,0.46536208853060357,0.43822108700661544,0.2043808418762901,0.41355554980334325,0.2332272889923902,1
0.019869363833825038,0.15817043623312171,0.27196794061814417,0.47622229596280874,0.45041412139840487,0.21214166311635263,0.4115607973842059,0.2310567510018676,4
0.9072742297472834,0.36047404298548896,0.4700283979687706,0.46782336769768873,0.2905856807988947,0.21042351304375329,0.5757228784362101,0.46451642487492506,3
0.7213565865825116,0.02346505498804402,0.1744101627366581,0.6891716565731537,0.5840336185340147,0.21115864416569596,0.6959548406033691,0.2449457195957773,8
0.03706603526456537,0.20047174473556773,0.3283499470095562,0.610796757369363,0.5279026823098468,0.5547314154540859,0.45238208564035254,0.3379461028052706,2
0.05079808639850242,0.1542078968795732,0.29166876272280645,0.4971539830645299,0.43663634952738095,0.20344692554569754,0.44386606360309644,0.33586828466301744,3
0.2479086687958459,0.6266405187507628,0.7646833998244726,0.3876281965394487,0.8261098888558049,0.5089107152583459,0.5864330496990584,0.6367563435333423,7
0.8814285475154643,0.2792129371837899,0.211914488237913,0.6028824354119553,0.1288963695559966,0.3020904377847807,0.5567507060439957,0.21203954437049455,10
0.04311671800184408,0.18428883662441292,0.2737048791741013,0.5298199732254303,0.4669251500513431,0.20501104764069594,0.44027519854563807,0.3368304860436147,3
0.7096607869411935,0.07325160362866515,0.2553353792350236,0.4363139832732724,0.9142045564496191,0.6184253281633652,0.5940424947590641,0.5467583435153245,9
0.7778478605995183,0.06964933374607754,0.16914027300055476,0.5200102748381799,0.8895308250789722,0.223600269847126,0.8161903613702459,0.29341784106576335,8
0.05892576314236814,0.12886702840700773,0.30802850045684,0.44832971426828877,0.41157175383890543,0.21276218388054116,0.4413822929890437,0.28987164038071594,8
0.7938543726687219,0.39243702974719813,0.14863808879928314,0.2669874747456741,0.4831265293784456,0.3882301080223902,0.36210294401371473,0.6182960913408436,10
0.038723598846882146,0.1850900099944734,0.3379965419342525,0.6030467676273048,0.5146525635301384,0.5739850631766689,0.4506121754143919,0.3637645159404453,0
0.8830488820395767,0.2092718375129341,0.16493002637065385,0.4250867432868282,0.7038336726972855,0.28123595402293444,0.3917654246017754,0.24175785119038345,5
0.9154753425739421,0.34846303584233984,0.21551072915336472,0.2939362264388072,0.48171574990003835,0.35074278649390733,0.9132717974598248,0.32401228678871224,10
0.04717821915353071,0.17465166250314185,0.2799981686472973,0.5198663521254759,0.45665478368154144,0.20973309031376616,0.44236382549829784,0.3417039365052603,5
0.03710436541346579,0.17945709435723495,0.33879211523943065,0.5824713498879621,0.5101261045975201,0.5625489373816855,0.44736017773490916,0.31591099649314086,0
0.05834225387418335,0.6222245234376703,0.12262918500656977,0.6907174325266697,0.4558089011246609,0.299631236101908,0.443784446703802,0.37058426713632436,6
0.10262410633273977,0.15877030671662234,0.3420346840741973,0.2532708164981705,0.6537376968928834,0.2356964151292662,0.43536225461410694,0.3841300341116889,8
0.09749317668818996,0.6645594195557611,0.14766686062450826,0.515691768270419,0.725411058730292,0.30477407107448695,0.43968263359298243,0.4331191005840683,6
0.18001917235050002,0.40439866314129025,0.32574953697666703,0.018003841863676096,0.6465582263467485,0.3301103721510035,0.4321192954672759,0.3865498046788221,5
0.0403064012619303,0.20599236511127794,0.2619215168401186,0.5587282772630321,0.4877355350669557,0.20465566854750877,0.4426846992118089,0.34971538906855304,8
0.04575629487881516,0.17244197152866927,0.28191120078344556,0.5039240569974051,0.45879860974999215,0.211723050425365,0.4385006351685858,0.29442653772621097,0
0.1612622330535254,0.32931434367045537,0.3309818278105045,0.09063930311850982,0.5396702818413103,0.32727805128256215,0.43059965801016137,0.36220714149044453,9
0.12061670849177603,0.19244650813118044,0.34899731141638063,0.1866409388336347,0.8002542204583065,0.2322991069511769,0.43631497335787967,0.42287390008896497,8
0.7430837996825264,0.10603473548721276,0.14138153074195614,0.6656989692765991,0.35711074704679696,0.2758288334930781,0.13961936439910677,0.39546606221578723,9
0.751937228574781,0.1242004312603529,0.1739366594483255,0.5151822733988812,0.768843747882096,0.25829886099161414,0.17147981826423186,0.49239594378017987,5
0.053833739281496484,0.1373419178512037,0.30067728176397446,0.47242302398184904,0.4204521418322085,0.22048465594342953,0.4401316428331454,0.32673814392285355,1
0.767087223037585,0.07496092566342683,0.1673145329793334,0.41598575208978433,0.9273295658098095,0.2508719473271478,0.5960874522475885,0.4823363327793068,8
0.1483586860458343,0.3229689571433535,0.32429685874154024,0.11082381355732912,0.5416484149534841,0.3193869107514319,0.42629201464924077,0.3420565093737412,9
0.036580826485602014,0.20737926665625375,0.2603986112078924,0.5585017039579316,0.49231516181973495,0.20890243678859494,0.43903797348024315,0.33651901939367557,3
0.04961081852250321,0.14873374810063633,0.2921619015665954,0.5012229896131438,0.4295683768905383,0.21709530959488524,0.441810837036086,0.36892968821735656,3
0.6857850091837728,0.393981896131418,0.8493721340558334,0.38353897017620164,0.6275647434192732,0.14229916646695573,0.44920331773556504,0.4288591601263385,7
0.7372584470332442,0.07819348752634803,0.24610487498050726,0.43926779409509165,0.956730595525644,0.6103150456852847,0.6671476008267616,0.4928338688111532,9
0.24998703198674654,0.39980760562275974,0.8287843880215446,0.32643676605071636,0.332975038374545,0.5140248996189151,0.5936501739002182,0.5353965295784636,7
0.7861562408069255,0.08527134545895584,0.16630841577573138,0.5722048676842043,0.884411271302372,0.19467979513709113,0.5183229511621814,0.33438387878551734,1
0.040202950086774436,0.1894601213769381,0.26985193325224827,0.5354869426948741,0.47437548606214275,0.21141721777867706,0.43848769505557134,0.3305946889980995,3
0.6160706925956239,0.1699513007837608,0.8805350169002231,0.6806501852787984,0.6251719048290132,0.03547005051908769,0.3979179489688462,0.31766963250152896,7
0.03706603526456537,0.20047174473556773,0.3283499470095562,0.610796757369363,0.5279026823098468,0.5547314154540859,0.45238208564035254,0.3379461028052706,2
0.8075949538487366,0.04414789798331495,0.16382868971600306,0.5748685075490949,0.779549217069249,0.2073621270573994,0.23906819763352286,0.36245141552012466,8
0.039011104629825544,0.17537669225229263,0.2753408940748489,0.5140237636304539,0.46081250110245164,0.20776777090584897,0.4340380585715554,0.31258640075358174,1
0.0333354875319104,0.18351703687901272,0.33501556631068885,0.5843969007174978,0.5150296771287862,0.560317296966387,0.4443255694585032,0.3064798256127324,2
0.14655103108477274,0.41705339752175774,0.6305808135545313,0.418811837421023,0.17718281013712095,0.17540428684671608,0.5080375391937257,0.39408159057367237,7
0.0835710667741888,0.14498763125249764,0.32744988380038337,0.3385452690073947,0.5372597059179531,0.23307032732955274,0.4370949075221104,0.3573555724434881,8
0.8053392479322068,0.2983418672044271,0.0899419478914466,0.4758970029369313,0.1202605457476158,0.38268233187950706,0.30247320282932877,0.5130925197486982,10
0.963651428462304,0.39393364661659036,0.4548174033891913,0.3490803534914272,0.489494362145028,0.20570147068817482,0.5138599263995296,0.5332828056985499,0
0.03892176577704709,0.14377137346119023,0.2850403417170145,0.5431618398539839,0.42202283322380985,0.2428678147988546,0.4367550415671211,0.49790163076396576,3
0.07113955068364258,0.7645044434008736,0.10072571358727478,0.6366288699621625,0.8465436287876932,0.2981763064932887,0.432824888598606,0.42250690155317655,6
0.7246680170098498,0.12920787126266664,0.15685195867966206,0.6217198700218529,0.3632474257012796,0.2887549755822792,0.3054793293377862,0.39844334719501456,9
0.7421469399682346,0.17742658199235262,0.10334899586011498,0.46365965950693444,0.9320796935914847,0.2802718148937764,0.5877338553481766,0.6461905328855773,5
0.03334141550606834,0.1193413368743158,0.28971457073756574,0.5410317081682969,0.3956262550821963,0.26746186142167383,0.4289204278962726,0.5693916770897824,1
0.05756229228144816,0.8621791060704544,0.047256796030724635,0.7639235152336472,0.9345324406438908,0.27207403369188865,0.443128920802081,0.4827869559674037,6
0.03009471375459366,0.16577587703163776,0.27226506704498105,0.5275748894953078,0.4500771353671156,0.22603578722361845,0.42741799787227874,0.37271117100393064,0
0.8828917448046152,0.3775121254055664,0.4679714713796916,0.515159469335445,0.24082335009410105,0.21310086676369677,0.18118273384222422,0.5562695292605818,0
0.02275519769780887,0.14669144202056528,0.2775667967186083,0.461698963877576,0.4362761710582229,0.21094329529079098,0.4119849393394166,0.23201863730756253,4
0.024250031074264877,0.1428108579776872,0.28094144943572336,0.4517068378584199,0.4339530244932337,0.21051661173600764,0.41173093399662114,0.2149035775338015,4
0.02753349117910625,0.19204612969616283,0.3270837145702655,0.6605560696101083,0.5207547149985055,0.6042521491737528,0.4476945592427713,0.4976763234462529,2
0.05317092799302814,0.08517743708431988,0.31639582115298703,0.4876738735400334,0.35893327317278345,0.2647728539632026,0.4376465347053816,0.5406469866994064,1
0.900110113358002,0.33366918583048727,0.4925857139719526,0.6225086628445227,0.13531523008023016,0.17045588436505657,0.5391264584511595,0.2641204730508394,3
0.17353766648908237,0.3608918169561573,0.3319206156622118,0.04395658002435421,0.547595941919006,0.33679079482662483,0.4312274845277362,0.36441623803958834,5
0.7960049991207832,0.041591791071839135,0.1660449784808829,0.5739249686964303,0.7990445994053867,0.2076649288256367,0.43026400817136395,0.331943841312882,1
0.06842920141600978,0.1488522918325666,0.3899426166928234,0.28712815086960203,0.685817878689504,0.5752549935371347,0.41540369655133186,0.2656183235212425,8
0.1396027374573802,0.15249695470627406,0.3297792081079847,0.5294661648623128,0.42025829756077177,0.14326866019445827,0.5638379346392184,0.6062862678178559,1
0.2726741108292271,0.4437066843519403,0.7692259964195572,0.19008603311342698,0.4688115202775838,0.16639795861686557,0.5824517417965271,0.5855711630793837,7
0.835233549830309,0.149039072509368,0.09698558230273246,0.6844850767246651,0.3791573575794331,0.6574665746206839,0.45056711990445214,0.35465277598667616,5
0.7957259270500006,0.29737000487981985,0.13274464159522287,0.4855369115062189,0.2022359878244629,0.3641816878952737,0.37160733514302935,0.41042728812472173,10
0.7995167814371131,0.22145924739378692,0.1559775364340676,0.5158307402007489,0.37027252893515666,0.32743381264867616,0.009295232225573269,0.3908605832789358,9
0.687917316076859,0.1259531431507713,0.28036842333663897,0.47406835471875075,0.8221510732874042,0.6349396198441661,0.3150566358315994,0.5555909077567014,5
0.8018329177899041,0.13794412402497996,0.11603181224478404,0.3876159986046186,0.8100589937665474,0.29602272237976257,0.7703119023308769,0.45466242591659767,9
0.09646471852598765,0.16538703192035878,0.3372989005654397,0.24354583785661155,0.6756356799504115,0.23508058970023524,0.4276282528651446,0.3628834221065455,8
0.8642225698964012,0.25011742158484074,0.11835525082348744,0.3126164817354008,0.7080607929238076,0.3469806298221667,0.2234521182125416,0.5061086803242633,9
0.7872402209948899,0.30338901946483243,0.13211393435217422,0.5107132163294584,0.1383771717079722,0.3617456940699432,0.6907484133348041,0.3118168202146289,8
0.05081259581310432,0.13598286449277078,0.2963014913456465,0.5119868131154003,0.4138737809046921,0.23861101701565396,0.4420580502045591,0.4485053731439672,3
0.0501864120326464,0.13105530728988055,0.2990444394930544,0.5342681622923255,0.400720073814666,0.1768123722360343,0.4800524435585288,0.5857371257947562,0
0.11368000705574127,0.25670025381620704,0.3111991163015828,0.2897147037341258,0.4139440769677844,0.2916214082008381,0.4392486346958413,0.34451530380471834,9
0.7953798257043097,0.32078276461437094,0.5026153651519422,0.402410000190915,0.5077079631296775,0.2156150091395097,0.5607666707622614,0.6503041914449057,4
0.11691839145173832,0.24569277626708466,0.3850996215321588,0.29530828276380006,0.472417033116893,0.6397461144428848,0.44333925619687886,0.3252132510367156,9
0.726207723104028,0.40462489888051645,0.8657960876826751,0.6211926187784409,0.2247930485735155,0.48206265357128164,0.607478025817928,0.16006752504643101,7
0.031093018296032948,0.1430959945846374,0.2771655829277102,0.5749856882950919,0.4168530883633835,0.26268239171599683,0.43230290359493745,0.5949151020177612,3
0.9878103238479966,0.41650182722156337,0.4210914265648807,0.4251659337476573,0.537335150106759,0.19086188148100264,0.4704144921455749,0.4789453782583551,0
0.7826129282757108,0.14642738703669173,0.1836893683206587,0.6577289816057532,0.41623205586485873,0.6406729702559909,0.729930580178437,0.2102833584472175,9
0.11537982260150548,0.18372204139487247,0.3477289157958966,0.19830757189563541,0.7680900401667845,0.23978433609892558,0.43382279374737814,0.40784934495579866,8
0.07203525668844807,0.5640272949412999,0.15334275723812468,0.6176629501835971,0.39006031551069364,0.2973898534449473,0.4447692532092894,0.3665961153416054,6
0.12286528710319228,0.3090177970569081,0.36223642209026474,0.32171106468311017,0.25308253087927357,0.6850651097072051,0.4428257244930287,0.27787787778313244,5
0.019119992718469925,0.07130422711905027,0.23812302537770463,0.46021931777224256,0.33730902879828234,0.22608077242080635,0.441866234557576,0.5330025228345505,1
0.12770949756062636,0.5184911723912236,0.22883226825742164,0.3308913053896795,0.5784884981220186,0.3238239008369,0.4358806511752184,0.3904645847646017,6
0.8367517552302555,0.2656378061154446,0.5157296660166717,0.6786150139122047,0.13600726704831206,0.11970559188350963,0.6258021604300769,0.4353955540835635,4
0.05469976120873282,0.13601863281520518,0.3016755108523639,0.4715947333097301,0.41859689595412725,0.21861441317258418,0.44108399269560794,0.32904613773685776,3
0.9325336021689429,0.3544062759998578,0.5696683367194685,0.5053929636455605,0.38015622018516737,0.5329088749770237,0.33916343363978113,0.3876577774734573,2
0.8770762098844506,0.30515183126286666,0.16112586655087643,0.4616890717428872,0.2679118270630872,0.3294057710630108,0.23748000517764628,0.2755250070910157,8
0.053736831918477224,0.12803263089634107,0.30366326571390984,0.4589131842018511,0.40932771616453517,0.21786686012174863,0.43827339265686055,0.3196980676984723,1
0.7316091468894691,0.311683568983149,0.12484520444343306,0.4095896874397255,0.1248291478232691,0.414131786669616,0.534680459915839,0.5674617149484501,10
0.7738464153597198,0.07689273557060913,0.1784374372617597,0.43279270143249277,0.9037073841215759,0.24475138833316587,0.26157709426800174,0.5273029096413899,8
0.04318451630279524,0.17958973306651269,0.34322508003279806,0.5758989602632414,0.5099210177370903,0.5626623237765558,0.451658525470655,0.30596687242978476,2
0.047263032820962614,0.08046162926394329,0.31380648354058954,0.49835447306570224,0.35318624033506685,0.2732103488611476,0.4338026184006395,0.5842760543502652,3
0.7292599109813167,0.072938209015846,0.16825163241378738,0.6339851489612898,0.5276320785344703,0.24762378489110332,0.47274428259116075,0.33201066796471124,9
0.8640126046574087,0.16517517951950483,0.19194705385714989,0.5313098614568635,0.6368424371296159,0.24551688714415065,0.2774814090133253,0.1629083557429734,4
0.7981569463083613,0.10382637444534348,0.618984287555796,0.8124021517052264,0.3397671936387243,0.02352252637858293,0.43492018366629837,0.48038119940686197,4
0.7179597472766,0.27258187213472374,0.876168979949556,0.6615793933947619,0.5232933637162163,0.053850600787047675,0.3024118327932769,0.1256539560149374,7
0.27448724169259986,0.44559972146012916,0.7714538443918153,0.1840063834125082,0.477866987830709,0.170595243432222,0.5820789406820435,0.5899573258455384,7
0.08175508949006077,0.14209147860799626,0.3264797823408737,0.343790350841197,0.5245381552722096,0.2302520922605826,0.4369762549520854,0.35333440914992326,8
0.07085923858946558,0.12816553769841418,0.3193088093155477,0.3982486638207743,0.4382465113530346,0.22869363136462273,0.43935333350401284,0.33851943667688206,8
0.04429554573818861,0.12352329439500517,0.3006529724494761,0.44532767866183276,0.4090887475327342,0.21845984631640852,0.42772715981507153,0.28146523769202164,0
0.9762123772219002,0.35296511636816136,0.44486659277668206,0.5097583401935147,0.3194513678452727,0.18104642355030134,0.45705572138083916,0.40242105143194595,4
0.07672143347102528,0.23349573571022936,0.7820163787821124,0.7063016162101208,0.46149619643892686,0.4006642110519191,0.5487452605909657,0.6489890446572271,2
0.049953212490851995,0.1684910303497784,0.2854501536441299,0.49808678809488705,0.45207383928474654,0.20827880217729233,0.44179309183901544,0.298424969379607,1
0.05696986863439929,0.11240545031356966,0.3760176638829049,0.5161817088737712,0.43557721564268304,0.5724366720306466,0.45365928686926704,0.37113831486412563,2
0.7510330976416251,0.24431364302039313,0.12062882794236693,0.4240870369499667,0.40432001921812655,0.37986457007216934,0.6040035000685107,0.4592980675137129,9
0.7342936286701438,0.37549339484049105,0.8834610756731195,0.5252037053616233,0.7084254065261205,0.46717854395957115,0.06647497303180078,0.24612366408082348,7
0.048156999518057464,0.14997639890811554,0.3579669695886426,0.5474500585963447,0.47861039219604895,0.5625454936711509,0.451591284749451,0.3237337707913425,4
0.12156305888309751,0.5393730423287144,0.21486078285827787,0.35632294287064115,0.5969104897853192,0.31454760776544866,0.4354793730110802,0.3941421058065221,6
0.8861604855461145,0.2904212241069494,0.12967150268992678,0.5225620349484484,0.19411653311200922,0.3248329677533925,0.18212012004864725,0.28567715531279336,8
0.046548270511219236,0.14165580072057604,0.291065147369518,0.5186045956565262,0.41940478198732145,0.23674670508354273,0.4396713546816725,0.4453008981179338,0
0.05892743887013707,0.0862242464453492,0.32035486419814274,0.4705663122620995,0.3591228747588446,0.22573298894813398,0.45988924583084445,0.5297823509160363,1
0.0027166208008376214,0.26363640090607193,0.26959262839215314,0.8161563556920479,0.5762400168221818,0.6030636088602203,0.4496379413710856,0.7191367632919579,0
0.05661951772987356,0.1271644384954687,0.306353837282837,0.46000146150656346,0.4091363810234165,0.22063610414405266,0.44067868145064437,0.3270684527717643,3
0.13867590645722414,0.34683457304364657,0.30084290776282885,0.2101152387967733,0.33538748843337207,0.3321448608163232,0.435505564973646,0.31880086792467455,5
0.8626330235824109,0.17401394547903376,0.17248302109269548,0.4150051334422862,0.6729755910425352,0.23572016636642443,0.266986262468258,0.5024037035538605,3
0.1285958793102716,0.3237363862387577,0.317251391933322,0.04615892998417426,0.6278795660986988,0.31175092190104137,0.39814599318866245,0.2633091915511362,9
0.043220699081694014,0.70116730466149,0.07634000673638289,0.7907989248279401,0.5276335999330157,0.2797089021494744,0.4480194453095296,0.4056481897730282,6
0.8540392721338128,0.3407259244327565,0.14178336151618665,0.38177933204580683,0.38267310577320457,0.35620966364035767,0.4946627332493784,0.37042098539986956,8
0.05382982803528241,0.1422061472182281,0.29797747804093305,0.4794049081377678,0.42316639134158274,0.21368312578937707,0.44182961703561163,0.3337059941187299,1
0.05664026957180718,0.594730993830501,0.13388004640781534,0.6507784345382591,0.4313035937491107,0.3041719502313811,0.4354773004390747,0.33632365188954505,6
0.9355348086445502,0.3720043057748672,0.44526395787580164,0.48322642095704116,0.3381660727565238,0.20034880350597709,0.43081182385110095,0.46814648963264704,0
0.0329858481483114,0.7497276605210599,0.05177114024594731,0.8512116015607905,0.5783716228683367,0.2661316961929733,0.4486076538471315,0.41751772594166353,6
0.03661137526549796,0.11453903381365513,0.2928079755918205,0.5509341153182288,0.3883169933402104,0.2750365152573442,0.4327025777587211,0.6187329659248786,1
0.044244156674472124,0.16711029625355767,0.34767245166740346,0.5708966773921126,0.495157568197987,0.567378637790432,0.4512623902216121,0.3361481307114829,0
0.10379745075044838,0.24981453488745797,0.2999960279470812,0.3418759721755084,0.24716748598058857,0.30061817001241536,0.43814493818979805,0.3046611553975214,9
0.8119197280394599,0.2190648931969944,0.5430763614992798,0.48935326456967565,0.49966637741735126,0.09687683777678058,0.22914522457041142,0.6999576180489091,4
0.8492893973027194,0.30450913349063197,0.18531732070105705,0.5046265519228914,0.09017627735150607,0.3545507706290651,0.4729490521525898,0.4203249210900309,10
0.7836149408356223,0.2896075203181171,0.08241293362667906,0.5040454937815749,0.04804088821167235,0.3896095606165054,0.2798472945753674,0.5432675298870213,10
0.047011448636010866,0.15036428333449697,0.29083583529529994,0.48589820173705456,0.4342247285703998,0.2164447983170014,0.4366602638679426,0.3171379430730401,1
0.058695252342727045,0.10329795158528035,0.315434691488923,0.4576468850389777,0.3816501053234505,0.23588138256482546,0.44039307411255796,0.39763640473984435,4
0.04549519065498675,0.18075290625022844,0.2770341790820736,0.529693694536492,0.463470314420904,0.2069208809774119,0.4435279226621369,0.3433773938338549,3
0.8549662797822742,0.24081236405923942,0.11970573374044799,0.37396600537472735,0.6182623657834609,0.34058628767504306,0.4235006210236045,0.3924660727283769,9
0.8282503707745448,0.18551474882619617,0.23347187616957688,0.3645982073127444,0.7229322479428499,0.20638876927133115,0.732207307042239,0.3603594200500504,6
0.8639593453073457,0.28159718703985875,0.11830654960947637,0.552417842361009,0.21293373135522964,0.32211673860309487,0.34034588610863903,0.26677572021935425,10
0.12264419093151382,0.5110144557214964,0.22877762486448416,0.3171322955681252,0.5722315019775076,0.3218159288339787,0.429472542037609,0.3668087903012889,6
0.8623886851482152,0.30095913986255063,0.15269995020973728,0.47842266882614454,0.22109375799254477,0.3360315928625218,0.2060229890824838,0.310110055646442,10
0.05143520843699334,0.14310075751620727,0.296316946897989,0.4787036229668733,0.42553363890295687,0.21794785295898833,0.4392625780720285,0.32546564765714003,1
0.02860238892757394,0.21948710204436822,0.3170535371516022,0.6337135920613264,0.5511070684455527,0.5592645527949746,0.4483098263980415,0.326849272124084,2
0.13832522912616088,0.4712011851298023,0.2558799084149249,0.27166035299402247,0.5313095690885571,0.3310709738986715,0.435366262450689,0.3787681149119001,6
0.05644984193438568,0.87525596662551,0.38631675332009247,0.9999999999999998,0.6450766050840959,0.10722296387167496,0.5223697834566553,0.5352756713650658,7
0.025452083368172174,0.16951161262037692,0.33359935013859815,0.6492386859506252,0.49686222014346515,0.6188422672886702,0.4429025139161717,0.5332556110480899,2
0.8756566918452184,0.30303964039908415,0.16297913993236304,0.2758776282669804,0.6731370461232625,0.7445908187612789,0.310228730203129,0.5271118117601689,10
0.05125348866531265,0.15356738973019765,0.29136547754916203,0.4934221088235952,0.4347966344867701,0.2159279507251838,0.44160026999333335,0.3360723120103375,5
0.04619082075958253,0.14556132429826768,0.3591990217185258,0.5543352914450066,0.47534836411552167,0.5824395079307276,0.4492577659142077,0.353953723891721,2
0.7511782392336491,0.06769485351665266,0.13407512287022688,0.7088449326493322,0.5387801714736409,0.2302951863082086,0.5793819846234098,0.2636652673554147,5
0.043874444476691865,0.12638042962116752,0.3628953230542453,0.565939924781057,0.45182110449370655,0.5997534502399573,0.4474610697818384,0.45170832096512137,2
0.14260364994050023,0.22900643311234997,0.3556629573195408,0.10155273408783999,0.7791541958797932,0.2678986646804113,0.4308023188327959,0.4113248017512111,9
0.17860527390187925,0.23695456658895606,0.8286345969914363,0.5160462883946092,0.5920386234961488,0.4011893607981636,0.5984096874495112,0.576412895032771,7
0.8145225305083299,0.3183313076404358,0.1343143821889074,0.37882473666030175,0.2579236529874656,0.3838027805143058,0.2871246791841008,0.5073311358948838,1
0.05242504883420673,0.12427042952949288,0.30265807512413784,0.4869515778963001,0.40241358766409685,0.23376544567540408,0.44018212167166854,0.4139873350639383,1
0.9274284296013965,0.34565193975854613,0.5384385848955398,0.5691778931960249,0.23220018926394143,0.17145367577596932,0.4539005907845899,0.3833523669804475,4
0.04023982156514122,0.15253991130975422,0.284230403974798,0.5063129442817695,0.4348345110012704,0.2255332112877253,0.43305802307791,0.36529490723958286,3
0.13872041273121744,0.47228742052696526,0.2543338896213313,0.27328472550834776,0.5291725480437814,0.3265438997274756,0.436495355126313,0.384582973111667,6
0.7638759214391314,0.4383819144055084,0.8576487102921093,0.4376016572182423,0.6338643388603693,0.5124801136499423,0.3089078015029063,0.20080539960339902,7
0.039092490467824426,0.17550498267693398,0.2749645684490033,0.5148776354752935,0.4599618774190184,0.2084056076782229,0.4345680103985788,0.3147246818531138,3
0.04795749432552443,0.1484372980780312,0.35952044095050656,0.5454779221254492,0.4788130259314308,0.5734043180236416,0.4502306949154292,0.32038575320212503,2
0.03909249046782437,0.17550498267693398,0.2749645684490033,0.5148776354752934,0.4599618774190184,0.20840560767822291,0.4345680103985787,0.3147246818531138,3
0.7044565021015002,0.2654214108647098,0.84456810354795,0.5303257907428836,0.5833164160159913,0.018910599687087304,0.3871853297458144,0.3920495816540723,7
0.2830013519353888,0.4935541171857636,0.8336240713504712,0.17987121269046408,0.66732745457247,0.5344459426111765,0.5863061083617728,0.592655626927396,7
0.7784573064873573,0.30106333926147244,0.15205069250281536,0.43336946138736704,0.09509431846254301,0.34849101514538333,0.2496062769820267,0.49744489771910455,10
0.7724149687619803,0.24816493544740673,0.12043797666617664,0.45077517230557584,0.39463893398849714,0.3697976206695958,0.4640103297286052,0.4336880423354533,1
0.0416082548779092,0.15467213816953063,0.3532997675282204,0.5501219151572313,0.4867906052909904,0.5695727244704364,0.445889316688213,0.3050517705206391,0
0.06868321496427549,0.12810187086999264,0.3172542493901563,0.4085612492315681,0.4281620827854483,0.22898693869841366,0.43955495018975094,0.33613534008498114,8
0.1522617902795334,0.09096533298839854,0.36233508565489303,0.44311635710512853,0.3571962694860878,0.17834507937420502,0.554530919978834,0.5770271839712342,1
0.028111933055689597,0.12994055406529761,0.2804338162382241,0.5910601745481189,0.40346868990054185,0.2766869464731279,0.4319250390620483,0.6738983015699564,3
0.04971748913778051,0.1605261584738224,0.2876820802399173,0.5023983722054493,0.44230661940293836,0.21489899731468226,0.4417821752025216,0.33738005459676484,1
0.008235247144899482,0.19130197156160714,0.31882299803494035,0.5766666202264845,0.5325542197269456,0.5682114694587762,0.4205870469709469,0.22623467888228935,4
0.1055317900858172,0.17381668187077176,0.34382597546742805,0.2016124817341437,0.7375415573441557,0.23819186920750568,0.42653663800419245,0.37540906639371724,8
0.005586679328109856,0.7389348847285793,0.04526225707708714,0.8174397402109386,0.5868784154621298,0.27543298236223746,0.41718214199137793,0.3021718185771862,6
0.05125348866531265,0.15356738973019765,0.29136547754916203,0.4934221088235952,0.4347966344867701,0.2159279507251838,0.44160026999333335,0.3360723120103375,3
0.2781430907648966,0.43241535571737133,0.7788692991095323,0.1628257740028214,0.46923683822490075,0.1697505081974654,0.5823096253676873,0.5870433514965414,7
0.8385067895824387,0.35136400018326364,0.12583109623387512,0.41840994449549795,0.3518875186108432,0.3481145066173157,0.4099909907243622,0.418886050168981,10
0.034600575850966875,0.10845422684344777,0.3610716052547063,0.6150608640627885,0.4287365120414625,0.6410677955708688,0.4434983697071714,0.645810464334073,2
0.841297892597899,0.3425578128165362,0.2043557443647042,0.3552748007124984,0.2819394222824924,0.3844203510463173,0.48967160094753076,0.5323512521865158,10
0.8177769685310328,0.3319632176798931,0.16002285633316585,0.47230258153779775,0.22807902519909729,0.3442113243603526,0.11880148623935682,0.41088696891738286,10
0.9231055518289836,0.28632145096516853,0.11148762081520949,0.48657036083560995,0.21724171271725157,0.2846916254359232,0.2715246727980508,0.2769569580417912,3
0.8718178625401852,0.29220164770931606,0.15301777917984627,0.5637693301161784,0.04853870696766943,0.3456377669980976,0.5466428399419101,0.3784041872430671,10
0.035277182216265746,0.1279766217907782,0.3520760275108171,0.5952868526954029,0.4475863926469106,0.601704392407273,0.44400918405585554,0.533486458103411,2
0.045920260181085415,0.12496960029065027,0.3653027480906164,0.5085362391040509,0.4528234451042364,0.5580613726132296,0.4437974008223871,0.2925962935592351,2
0.07672143347102528,0.23349573571022936,0.7820163787821124,0.7063016162101208,0.46149619643892686,0.4006642110519191,0.5487452605909657,0.6489890446572271,2
0.05025615768719027,0.6533945956385732,0.10763351262163073,0.7272999337866235,0.48995296028103613,0.28697969363733006,0.4419362518011524,0.371757219849874,6
0.12662780707884164,0.5224179770470899,0.22798559566891563,0.3358700217641776,0.5859908816102725,0.3283872698679004,0.43515769253271186,0.38682420397567974,6
0.05163359147225133,0.15367377166738436,0.2925308011798603,0.4984978818938184,0.43536967663847326,0.1989045253513833,0.4457181167174618,0.3398937844791348,3
0.9904498834029711,0.3481264971366283,0.40955396760885676,0.48681889977519277,0.34882126927844337,0.1909649840672491,0.40607433223072525,0.4264070679618831,1
0.0424660696392975,0.14651737622023708,0.2865063412278433,0.5398291575675204,0.4247534847407793,0.23852324137665418,0.43973166002914377,0.48282633235700445,0
0.05526331156455566,0.11248233788721151,0.311423051129439,0.4379542223347901,0.39442652476686424,0.21995458391030853,0.43616281728046447,0.30909597014016177,1
0.031789886351440644,0.18227352991503443,0.3340159499807064,0.6398111752223354,0.5116864110058252,0.6053356658419402,0.44831631092105023,0.46899423611625496,2
0.0782644213172804,0.1308558786583464,0.3947108149356181,0.374400573538527,0.5677719373844066,0.5758987093171192,0.44212255595271044,0.3281989638963321,8
0.08781824643825603,0.1817763626697331,0.3789897096379187,0.4023493502568335,0.36320771815651254,0.6085982416367883,0.4495383867111782,0.30623443042747034,9
0.04288919968634869,0.7031870764766965,0.07556497010853933,0.7932433157542005,0.529666983660946,0.27929646638369676,0.4479416955581606,0.40640621137156085,6
0.05330085636254012,0.6508502485812089,0.10425301087979094,0.7271429909440699,0.47738920495661086,0.2857964236313083,0.4465165857380345,0.38968116557134774,6
0.7467164142695151,0.13299934824448098,0.1576177229201145,0.46071588983936945,0.8513268771662361,0.2648998970373404,0.49774277388617266,0.4978613787572271,5
0.05335998180323126,0.6467320490962876,0.10863575439412329,0.7215210714223889,0.4795186245734721,0.29591582024400587,0.44448262921071563,0.3789181839962315,6
0.7786400698086687,0.17941066951956613,0.44625814287667176,0.651401154379643,0.27463141030501204,0.12084990607379928,0.6202885722391672,0.6798891834974105,4
0.7227353424214973,0.08300441733700734,0.09341567837513737,0.7680727978779116,0.4905596393130031,0.23596257261845932,0.7165478892266354,0.30082400776098844,5
0.8390378261586235,0.27172861310183094,0.06251030152844972,0.44012464940863,0.3386213271138191,0.37988520000518117,0.3774837995585963,0.44441541276552743,4
0.04549519065498675,0.18075290625022844,0.2770341790820736,0.529693694536492,0.463470314420904,0.2069208809774119,0.4435279226621369,0.3433773938338549,3
0.8879908136790314,0.3303501027250274,0.17271306079811935,0.342357861477045,0.4484067540012947,0.33932577698659955,0.5309948597968224,0.2686848873350294,10
0.009523232316478503,0.8557284999267711,0.0,0.9840415265474521,0.7012368466435766,0.269316457517893,0.44686200813017746,0.42569718689190716,6
0.00894304562212117,0.2108859841162851,0.24290400094681894,0.542036266105204,0.5037323135391505,0.20171952214376443,0.4125320551335271,0.245133386353826,3
0.23802407741416284,0.3989210335099982,0.7502747719490268,0.3487841979463738,0.20523341300967773,0.1620779372746826,0.5861898812754422,0.5322331976069733,7
0.6516197136836774,0.39365544788089935,0.9558261364984952,0.551003658988862,0.5837172357220403,0.5052590198026193,0.4081080407462636,0.3107380513410991,7
0.03612107868707254,0.7339859069412622,0.0584412590902601,0.8323836492696635,0.5618723488349257,0.27623533240570164,0.4485583927235947,0.4130523624981454,6
0.030169876861691036,0.21236210703775524,0.3205768059165135,0.6240569094814618,0.5433006456822124,0.5600236667955787,0.44793993687086336,0.3251960504637804,2
0.2443753478284676,0.33525749961689294,0.38973838831717217,0.0975378484513113,0.6403331321247622,0.6889799211487078,0.5165212354711974,0.48079604457792696,2
0.045786431442027986,0.09993860525156492,0.30478172752544086,0.5210034718938671,0.37228168606431905,0.2702018576052759,0.4364611934463096,0.5897251887447839,0
0.053521043315735484,0.12741717753975934,0.36899905216327616,0.5181419870994255,0.4532928660593164,0.5606669360703129,0.4518200268688861,0.3209400264527504,2
0.10925189044202344,0.16515603460337308,0.3467764696472489,0.22302098575910323,0.6987002343337678,0.2371575557620924,0.4345295104182487,0.3936467490980862,8
0.8715704689880643,0.08372199563153282,0.5643264765068727,0.8305021221132018,0.5805997314231011,0.398230062908148,0.6761333833069819,0.4091949442817319,4
0.045308390910698604,0.1460624042754447,0.29127014162362047,0.4785686134638726,0.4298420753851483,0.21279507615803328,0.4344412805452754,0.3078912458849775,1
0.8557565589667839,0.4064976547491812,0.49297795020986246,0.31281375565615027,0.46758358411424633,0.24860334480723664,0.784054301688131,0.5727509872631595,0
0.8927312045291149,0.32563789050314845,0.21875839048892623,0.4475428849281883,0.22859763657686444,0.33932910710877145,0.14513392349024418,0.4212911673005882,10
0.747944851012586,0.1375890618210232,0.1932893947284923,0.3488227654396895,0.8625461995119443,0.29187767832899436,0.48543175635885155,0.5269668102992497,9
0.8239782440427895,0.3085108483879309,0.07810708644183417,0.4778811681972424,0.19155088533999848,0.36793778186259807,0.5481589520940087,0.44011014203380955,4
0.8492015039899561,0.19421985360012978,0.5025908820030246,0.6173855143829888,0.46545650632165475,0.07020052133841165,0.7888202872092691,0.4293277192326303,4
0.05319569828194898,0.6545109807567082,0.10208223922212281,0.731941257668743,0.47973552686315873,0.28456191896648164,0.44726386007318875,0.39409312970340993,6
0.13645967472714804,0.4472726767380634,0.2635801910355015,0.2365798551059916,0.5057045341882306,0.3277703307605567,0.4286180532452539,0.3526703872297207,6
0.04239695870971261,0.1299023764697099,0.2929346560360684,0.5201102588823934,0.4080444414681567,0.24876488791915347,0.43516957340724094,0.4823647188850497,0
0.04413946014140413,0.10480781157936062,0.3063928433425774,0.4485130170666286,0.38738009440864973,0.2329158512000915,0.426552082410518,0.3492530873634795,1
0.05041687484796942,0.1479616204850613,0.2915913153129393,0.5279696790580971,0.4247362944934932,0.21216591630941967,0.4527525776763551,0.45937398534091856,3
0.16601373707398798,0.3993295828279836,0.31223489417913936,0.08681834475151345,0.5932956161202924,0.3445502026109223,0.4252753047742352,0.3631266345520682,5
0.038040839493113876,0.1505833894000992,0.28338000132645347,0.5210551317604666,0.43222656352145883,0.2261573297820047,0.4340449190723234,0.4078829927014255,0
0.049504857663194235,0.11067623697489634,0.3053841712358322,0.49837852476625316,0.3875658167350772,0.2506862577786288,0.43796427154314815,0.4878538455059628,4
0.04461651740980349,0.13599325054995332,0.2915705887310369,0.5216553910621389,0.4130266519526913,0.2436933154463541,0.43778195252972085,0.47149242519158285,0
0.6609320595163894,0.30175613584029964,0.8778665900657434,0.6140784808104165,0.6784983195419925,0.4410174317548823,0.36172774724857193,0.26242456615426474,7
0.04091968678719082,0.08335775132306181,0.30736939498513494,0.5307411342651199,0.3546449404571209,0.2898441680860419,0.43196200991902506,0.6666754948199378,4
0.06605600869297312,0.5812263442392365,0.15024466945231593,0.6379398924124073,0.4241181446669741,0.31176192892805094,0.440184380433959,0.3457953436723941,6
0.04589442219508011,0.14268828788507928,0.2901136306821386,0.522631946478565,0.42027141309473953,0.23711718576753366,0.43976024063323305,0.45275575572965804,1
0.04675185335497878,0.10429393177848878,0.3043249700150417,0.51371420194823,0.37785866146754804,0.26332255329252996,0.4367625641827824,0.5545158847703275,3
0.019577402960037238,0.06860986412116046,0.23988208475558498,0.4584729304801919,0.3343344633056174,0.224648088722825,0.4438419617726612,0.5389816521927229,3
0.1296794897831051,0.3618069201813359,0.28415428582751934,0.2716680135773488,0.17475361298656666,0.35800042957689593,0.43175767686488303,0.2777324699152105,9
0.05205549818667993,0.13457262818047933,0.3009727702948467,0.4669046438314901,0.41798906531647917,0.21968174559203432,0.43758959574109246,0.31818646040488285,1
0.16811803328306188,0.3465899051643444,0.33074452704679264,0.0713120892950464,0.5373117142190106,0.339776568122936,0.42929860325926933,0.3615678383650134,9
0.12590817674262209,0.7609120081286989,0.4987209281647834,0.6269841456485994,0.7647089758500378,0.1499157011584991,0.5114859350585246,0.5370501236711882,7
0.8683891698481072,0.3410654844154774,0.10681351289809321,0.3358403168604286,0.41677955813181633,0.3673126996262612,0.42326089567715636,0.4799555652016015,4
0.8707091312725694,0.3177113915762662,0.1086489421238116,0.32898591958104106,0.4572893221061352,0.36698906005167153,0.5132161896151237,0.4491481343589551,10
0.7608118660593381,0.2678272567082542,0.14247103430860447,0.531744961749584,0.21417185141188821,0.3657671137414908,0.7615364393437754,0.21243252915284827,4
0.06954369977358099,0.5656050479056157,0.1558072968280604,0.6179001358099498,0.4013088847462244,0.30544249424954445,0.4410349319381562,0.34976468450224923,6
0.7171151735479209,0.10085980314831494,0.12713279713774883,0.5307749189287232,0.6430137915519296,0.24729116703587978,0.6459750326407304,0.5060638671125984,5
0.8120422033486663,0.3019912476603685,0.1454422777175782,0.4710438411422288,0.1552949272224819,0.3618136983083116,0.2261197687755456,0.41355828394910815,10
0.14020181328355752,0.3719880037254265,0.2881945762164252,0.223827841771006,0.15078880311564657,0.37043873726371584,0.4282853607455169,0.2653415142552211,9
0.8388280019452885,0.2304333298326569,0.5205299035514971,0.41957672393090106,0.6191409773270566,0.10412155208062329,0.42557025894630396,0.7174816591604793,4
0.04076139518818167,0.2030983600937626,0.26432583447024904,0.55557832611424,0.4869139215461487,0.2108765301400021,0.44223338201203377,0.34665359739881774,0
0.03297879875162174,0.14840326340804816,0.2808737441967304,0.5105064583097502,0.4312352755531596,0.23208270750540172,0.4267497255676873,0.38334105299240223,3
0.13003212387333857,0.39711800195540814,0.2696509171120446,0.29111977454636384,0.17029067528300662,0.3490936624071533,0.4344228539565157,0.2798443654649923,10
0.023198985369972946,0.23342559655422393,0.3063916907661817,0.6478346703941239,0.5640033374696545,0.5560501961996375,0.4455838263992452,0.3230987603105953,2
0.04995243806082167,0.1508068060597485,0.29255712290646,0.4889990391570717,0.43341861267451465,0.21455720451030963,0.43985504642798534,0.328233496391671,3
0.021748917667486878,0.1537759539734535,0.33515750388298904,0.6477902981146596,0.478220269000355,0.6206845557261336,0.43903710873856105,0.5755158010775641,2
0.838717439596775,0.3923128648295948,0.4652739782892219,0.4998078277049476,0.2635513522502311,0.23105809580807884,0.61950242959146,0.5246360667086387,0
0.8103200654936968,0.10415413351963476,0.11467466012023247,0.43621420866971466,0.891183349072622,0.25754623820849326,0.6809874661982735,0.44639280089483324,5
0.8076951381859385,0.11774217435070447,0.16930663184629943,0.4291910589522224,0.8924954931755977,0.25287076614678194,0.2670004030870532,0.46401238310787324,5
0.020810079983436203,0.17243479100718223,0.32915184183398966,0.6648198469862753,0.5000618506219975,0.6249033441217746,0.4409959066376341,0.5631021408503964,2
0.9491805850718529,0.36744193768916555,0.45275276264678443,0.4243965089331028,0.3918601762261028,0.204206751211068,0.4393278063638328,0.4801609127765372,3
0.10786335949350123,0.6189893310481422,0.17186307431665454,0.45845847362554715,0.6753759646156594,0.30510001372029816,0.4400561410322656,0.42737889871421686,6
0.7901219719051988,0.2622757833626921,0.18312777009263945,0.6372584942015856,0.23222656184491253,0.678335771456771,0.6051163575740467,0.26101848524486715,3
0.08936330609972432,0.16022611774026596,0.3297289266412174,0.3062906840398508,0.6055292196159222,0.23752407016695334,0.43452695615384807,0.36594207022236186,8
0.8806928398772705,0.3091431046918063,0.07654389655961105,0.40460857001559325,0.3289446784805268,0.3634518335773782,0.6895722940489919,0.370207815353918,10
0.90499417472055,0.3015255992614154,0.17391163376460608,0.5101696434272264,0.1362339635564539,0.3370350673201339,0.2021958455829351,0.4159074078773331,10
0.02780821313708981,0.12446117631820872,0.3498890731679849,0.6336781890418841,0.4450330814637398,0.6353343955024014,0.44066471386768025,0.6430204502195322,0
0.2421909529471663,0.40233069500381524,0.7524988229425527,0.3289195121243286,0.2349846755651416,0.1618362352700582,0.5869338164100864,0.537746567724922,7
0.7248026605941582,0.05855989713392851,0.19328367335672042,0.5228511631768947,0.7763206794115594,0.23727110041005872,0.651352497562712,0.37934468506178687,8
0.04760208392030563,0.1700831022166206,0.28318412485490296,0.5161629983582467,0.4534199151400401,0.2092568497620791,0.4430463779774989,0.33919436431844896,3
0.13612841262875294,0.31174782378508026,0.3181363453659965,0.1377990631825401,0.40955966049074366,0.295566972990576,0.4338266481734292,0.31225060996810783,10
0.05422041093439678,0.137315292957557,0.30078325335819583,0.47428132647072646,0.4193780172436707,0.21265140300429763,0.4420433935991087,0.3301842823288986,0
0.8392736990657206,0.22532722927375076,0.1561892985332063,0.4374492299436601,0.6558584392208288,0.298330613051047,0.18126258000362339,0.3811795817299007,5
0.04302507408577039,0.17011693464578964,0.3461244226055791,0.5712827043084485,0.4987538316801793,0.5654189375969279,0.450205127828578,0.3262848440858134,2
0.7484419478600857,0.042954485162897516,0.12862553282040198,0.7613669159103793,0.5176019869070763,0.21500395306297243,0.582305847650995,0.2427100440897857,3
0.12922473620805222,0.25649261367160275,0.3964514302356038,0.20882131595111464,0.48204939430440985,0.6223432948180955,0.44895325299720434,0.325143656372064,10
0.06850341826551887,0.5731296562581956,0.15013935601033518,0.6284305706889977,0.4070288085626496,0.30774052756547987,0.442240909093874,0.3554518355881567,6
0.23204666792476344,0.38306461217487936,0.8140039255187879,0.4086939657466272,0.21315159280578805,0.5046775580830714,0.5973074928897644,0.5117661314206263,7
0.6127374466390788,0.3740268121032776,0.7894456376295464,0.4403354490380954,0.5257788006412164,0.1802773056142403,0.4556840652098714,0.4446991000342736,7
0.03488665927712781,0.10586444718377178,0.29437009667722586,0.559427228607673,0.37777812578206044,0.28751530057316327,0.4311018552620834,0.6724304246305441,0
0.044244156674472124,0.16711029625355767,0.34767245166740346,0.5708966773921126,0.495157568197987,0.567378637790432,0.4512623902216121,0.3361481307114829,5
0.762128796479455,0.025263394582002163,0.15829689162120023,0.6973301036330638,0.5808034926010595,0.20695693185460812,0.08969372742501874,0.3730255446926884,9
0.8664013849785768,0.2240576421392085,0.1751922939232679,0.3439651065984275,0.7629029937583549,0.2798837729162401,0.5373354705947905,0.2863166994339815,5
0.06600923335715786,0.1522001091484643,0.31330824247569905,0.3550080241605552,0.5337692541544868,0.23214493703266031,0.425212186279886,0.31209226880622326,8
0.8916180346489933,0.30602526428437477,0.20598637521352137,0.38291691990943183,0.5101647853772547,0.6928223409567458,0.3578635426934827,0.3700955063065934,10
0.05047204575344211,0.14759435809149227,0.2945074597009909,0.48610899415912945,0.4310874797384327,0.21234192125591972,0.4405682816735928,0.32664215717106293,1
0.851225770380675,0.27548691318490554,0.22729983506272786,0.4897294089197866,0.46614743080572746,0.6869379653579253,0.36932266544237036,0.2079916860369902,10
0.10944802287799138,0.1706338827484428,0.34668788344805945,0.20684326680282628,0.7266067652673056,0.23815450783559072,0.43111993893595774,0.3889255597663697,8
0.8525765470439048,0.3214102777259575,0.12514968825346398,0.20610226230445416,0.6148045390121051,0.37074878011949736,0.35133382017204184,0.5458329411010803,5
0.04992330988348764,0.14240333019607399,0.36208303652132506,0.5380294272121097,0.4708930082299647,0.5662577012299373,0.45149053420263624,0.3223625424690852,0
0.040257114415031714,0.18397460432380267,0.27160726593709555,0.5275730076502526,0.466880642263795,0.20753647821976168,0.43761036781261864,0.32787321382451595,1
0.09024106759409917,0.15939067768523912,0.3328462482590375,0.27195116672134567,0.6334147606461664,0.23370854300843497,0.4284102199758896,0.35394699461931867,8
0.056335816151871665,0.12775834921475882,0.3052812087432102,0.460516700317929,0.40826472150656906,0.21829355055690078,0.4407791908241315,0.3283699726072145,8
0.05847127938354307,0.09583080553313089,0.31711785469331877,0.4738474044310246,0.3711601265405869,0.2426174249509076,0.44532763475916937,0.4762320180978905,1
0.034897457179336955,0.22957988163572052,0.2496342335655991,0.5885879628424366,0.5138787174077144,0.20573716627070018,0.4424417733610885,0.35257992680256944,1
0.7870270534970096,0.1067661651690762,0.24528032106319625,0.5067860398154453,0.9023255968675034,0.5991410784513389,0.47939913001149687,0.3752025248027679,5
0.7199892966396405,0.35796016031085975,0.8373515127145162,0.652296040408202,0.3753614423353747,0.1115115868344091,0.06037248063860412,0.17595776657516918,7
0.661772332833737,0.4132987462120258,0.8519413045148566,0.5971450225354803,0.17324280734385838,0.5172587681192807,0.6921185790220175,0.2986298604079707,7
0.0402516831081296,0.18790875565106466,0.3376035632207192,0.5967315748016118,0.5177017036077111,0.561528881968317,0.4528318748817074,0.3347848713558823,2
0.8323044579535581,0.16284538533787757,0.5060809079219968,0.7393700326636486,0.26494485001707957,0.03063149759756717,0.6920156713771914,0.3743796272498278,4
